Country,Balance,Time,Product,Value,Unit,Month,Year
Colombia,Net Electricity Production,2025-12-01,Hydro,5530.6545,GWh,12,2025
Colombia,Net Electricity Production,2025-12-01,Combustible Renewables,229.6775,GWh,12,2025
Colombia,Net Electricity Production,2025-12-01,Solar,479.8602,GWh,12,2025
Colombia,Net Electricity Production,2025-12-01,Wind,19.7951,GWh,12,2025
Colombia,Net Electricity Production,2025-11-01,Hydro,5373.674,GWh,11,2025
Colombia,Net Electricity Production,2025-11-01,Combustible Renewables,229.6524,GWh,11,2025
Colombia,Net Electricity Production,2025-11-01,Solar,395.3523,GWh,11,2025
Colombia,Net Electricity Production,2025-11-01,Wind,17.6558,GWh,11,2025
Colombia,Net Electricity Production,2025-10-01,Hydro,5653.8311,GWh,10,2025
Colombia,Net Electricity Production,2025-10-01,Combustible Renewables,229.6525,GWh,10,2025
Colombia,Net Electricity Production,2025-10-01,Solar,430.3826,GWh,10,2025
Colombia,Net Electricity Production,2025-10-01,Wind,5.7056,GWh,10,2025
Colombia,Net Electricity Production,2025-09-01,Hydro,5305.5058,GWh,9,2025
Colombia,Net Electricity Production,2025-09-01,Combustible Renewables,229.6678,GWh,9,2025
Colombia,Net Electricity Production,2025-09-01,Solar,416.133,GWh,9,2025
Colombia,Net Electricity Production,2025-09-01,Wind,12.5053,GWh,9,2025
Colombia,Net Electricity Production,2025-08-01,Hydro,5518.1599,GWh,8,2025
Colombia,Net Electricity Production,2025-08-01,Combustible Renewables,229.6652,GWh,8,2025
Colombia,Net Electricity Production,2025-08-01,Solar,401.2606,GWh,8,2025
Colombia,Net Electricity Production,2025-08-01,Wind,11.0819,GWh,8,2025
Colombia,Net Electricity Production,2025-07-01,Hydro,5692.3462,GWh,7,2025
Colombia,Net Electricity Production,2025-07-01,Combustible Renewables,229.6602,GWh,7,2025
Colombia,Net Electricity Production,2025-07-01,Solar,381.2928,GWh,7,2025
Colombia,Net Electricity Production,2025-07-01,Wind,20.1082,GWh,7,2025
Colombia,Net Electricity Production,2025-06-01,Hydro,5304.9488,GWh,6,2025
Colombia,Net Electricity Production,2025-06-01,Combustible Renewables,229.6525,GWh,6,2025
Colombia,Net Electricity Production,2025-06-01,Solar,336.6562,GWh,6,2025
Colombia,Net Electricity Production,2025-06-01,Wind,17.5047,GWh,6,2025
Colombia,Net Electricity Production,2025-05-01,Hydro,5640.4324,GWh,5,2025
Colombia,Net Electricity Production,2025-05-01,Combustible Renewables,229.6052,GWh,5,2025
Colombia,Net Electricity Production,2025-05-01,Solar,345.8165,GWh,5,2025
Colombia,Net Electricity Production,2025-05-01,Wind,14.618,GWh,5,2025
Colombia,Net Electricity Production,2025-04-01,Hydro,5260.3659,GWh,4,2025
Colombia,Net Electricity Production,2025-04-01,Combustible Renewables,229.6317,GWh,4,2025
Colombia,Net Electricity Production,2025-04-01,Solar,344.09,GWh,4,2025
Colombia,Net Electricity Production,2025-04-01,Wind,15.6485,GWh,4,2025
Colombia,Net Electricity Production,2025-03-01,Hydro,5355.9222,GWh,3,2025
Colombia,Net Electricity Production,2025-03-01,Combustible Renewables,229.6571,GWh,3,2025
Colombia,Net Electricity Production,2025-03-01,Solar,383.3876,GWh,3,2025
Colombia,Net Electricity Production,2025-03-01,Wind,15.216,GWh,3,2025
Colombia,Net Electricity Production,2025-02-01,Hydro,4559.2153,GWh,2,2025
Colombia,Net Electricity Production,2025-02-01,Combustible Renewables,229.6635,GWh,2,2025
Colombia,Net Electricity Production,2025-02-01,Solar,335.9127,GWh,2,2025
Colombia,Net Electricity Production,2025-02-01,Wind,14.9303,GWh,2,2025
Colombia,Net Electricity Production,2025-01-01,Hydro,4764.6816,GWh,1,2025
Colombia,Net Electricity Production,2025-01-01,Combustible Renewables,229.6657,GWh,1,2025
Colombia,Net Electricity Production,2025-01-01,Solar,379.5036,GWh,1,2025
Colombia,Net Electricity Production,2025-01-01,Wind,14.3895,GWh,1,2025
Colombia,Net Electricity Production,2024-12-01,Hydro,4139.1389,GWh,12,2024
Colombia,Net Electricity Production,2024-12-01,Combustible Renewables,229.6733,GWh,12,2024
Colombia,Net Electricity Production,2024-12-01,Solar,311.485,GWh,12,2024
Colombia,Net Electricity Production,2024-12-01,Wind,11.2568,GWh,12,2024
Colombia,Net Electricity Production,2024-11-01,Hydro,4216.5231,GWh,11,2024
Colombia,Net Electricity Production,2024-11-01,Combustible Renewables,229.6388,GWh,11,2024
Colombia,Net Electricity Production,2024-11-01,Solar,279.3362,GWh,11,2024
Colombia,Net Electricity Production,2024-11-01,Wind,3.2827,GWh,11,2024
Colombia,Net Electricity Production,2024-10-01,Hydro,3569.1598,GWh,10,2024
Colombia,Net Electricity Production,2024-10-01,Combustible Renewables,229.6647,GWh,10,2024
Colombia,Net Electricity Production,2024-10-01,Solar,309.1557,GWh,10,2024
Colombia,Net Electricity Production,2024-10-01,Wind,9.6473,GWh,10,2024
Colombia,Net Electricity Production,2024-09-01,Hydro,4178.6337,GWh,9,2024
Colombia,Net Electricity Production,2024-09-01,Combustible Renewables,229.6588,GWh,9,2024
Colombia,Net Electricity Production,2024-09-01,Solar,303.0101,GWh,9,2024
Colombia,Net Electricity Production,2024-09-01,Wind,9.8562,GWh,9,2024
Colombia,Net Electricity Production,2024-08-01,Hydro,4924.8719,GWh,8,2024
Colombia,Net Electricity Production,2024-08-01,Combustible Renewables,229.6585,GWh,8,2024
Colombia,Net Electricity Production,2024-08-01,Solar,314.2221,GWh,8,2024
Colombia,Net Electricity Production,2024-08-01,Wind,14.3683,GWh,8,2024
Colombia,Net Electricity Production,2024-07-01,Hydro,5144.4299,GWh,7,2024
Colombia,Net Electricity Production,2024-07-01,Combustible Renewables,229.649,GWh,7,2024
Colombia,Net Electricity Production,2024-07-01,Solar,296.1264,GWh,7,2024
Colombia,Net Electricity Production,2024-07-01,Wind,19.4134,GWh,7,2024
Colombia,Net Electricity Production,2024-06-01,Hydro,4782.4425,GWh,6,2024
Colombia,Net Electricity Production,2024-06-01,Combustible Renewables,229.6286,GWh,6,2024
Colombia,Net Electricity Production,2024-06-01,Solar,263.9113,GWh,6,2024
Colombia,Net Electricity Production,2024-06-01,Wind,14.9609,GWh,6,2024
Colombia,Net Electricity Production,2024-05-01,Hydro,5223.6676,GWh,5,2024
Colombia,Net Electricity Production,2024-05-01,Combustible Renewables,229.5607,GWh,5,2024
Colombia,Net Electricity Production,2024-05-01,Solar,269.1145,GWh,5,2024
Colombia,Net Electricity Production,2024-05-01,Wind,16.6115,GWh,5,2024
Colombia,Net Electricity Production,2024-04-01,Hydro,3106.599,GWh,4,2024
Colombia,Net Electricity Production,2024-04-01,Combustible Renewables,229.6449,GWh,4,2024
Colombia,Net Electricity Production,2024-04-01,Solar,265.6866,GWh,4,2024
Colombia,Net Electricity Production,2024-04-01,Wind,18.6368,GWh,4,2024
Colombia,Net Electricity Production,2024-03-01,Hydro,3727.789,GWh,3,2024
Colombia,Net Electricity Production,2024-03-01,Combustible Renewables,229.6675,GWh,3,2024
Colombia,Net Electricity Production,2024-03-01,Solar,267.7339,GWh,3,2024
Colombia,Net Electricity Production,2024-03-01,Wind,17.8152,GWh,3,2024
Colombia,Net Electricity Production,2024-02-01,Hydro,3911.5076,GWh,2,2024
Colombia,Net Electricity Production,2024-02-01,Combustible Renewables,229.6585,GWh,2,2024
Colombia,Net Electricity Production,2024-02-01,Solar,211.6858,GWh,2,2024
Colombia,Net Electricity Production,2024-02-01,Wind,14.8381,GWh,2,2024
Colombia,Net Electricity Production,2024-01-01,Hydro,4256.9416,GWh,1,2024
Colombia,Net Electricity Production,2024-01-01,Combustible Renewables,229.6712,GWh,1,2024
Colombia,Net Electricity Production,2024-01-01,Solar,232.0247,GWh,1,2024
Colombia,Net Electricity Production,2024-01-01,Wind,21.4606,GWh,1,2024
Colombia,Net Electricity Production,2023-12-01,Hydro,3997.2548,GWh,12,2023
Colombia,Net Electricity Production,2023-12-01,Combustible Renewables,229.6561,GWh,12,2023
Colombia,Net Electricity Production,2023-12-01,Solar,184.7202,GWh,12,2023
Colombia,Net Electricity Production,2023-12-01,Wind,18.2423,GWh,12,2023
Colombia,Net Electricity Production,2023-11-01,Hydro,4731.5522,GWh,11,2023
Colombia,Net Electricity Production,2023-11-01,Combustible Renewables,229.6141,GWh,11,2023
Colombia,Net Electricity Production,2023-11-01,Solar,141.5167,GWh,11,2023
Colombia,Net Electricity Production,2023-11-01,Wind,12.8395,GWh,11,2023
Colombia,Net Electricity Production,2023-10-01,Hydro,3978.6195,GWh,10,2023
Colombia,Net Electricity Production,2023-10-01,Combustible Renewables,229.6463,GWh,10,2023
Colombia,Net Electricity Production,2023-10-01,Solar,128.0474,GWh,10,2023
Colombia,Net Electricity Production,2023-10-01,Wind,6.5504,GWh,10,2023
Colombia,Net Electricity Production,2023-09-01,Hydro,4217.9879,GWh,9,2023
Colombia,Net Electricity Production,2023-09-01,Combustible Renewables,229.6585,GWh,9,2023
Colombia,Net Electricity Production,2023-09-01,Solar,120.4759,GWh,9,2023
Colombia,Net Electricity Production,2023-09-01,Wind,15.7748,GWh,9,2023
Colombia,Net Electricity Production,2023-08-01,Hydro,4872.3718,GWh,8,2023
Colombia,Net Electricity Production,2023-08-01,Combustible Renewables,229.661,GWh,8,2023
Colombia,Net Electricity Production,2023-08-01,Solar,110.1372,GWh,8,2023
Colombia,Net Electricity Production,2023-08-01,Wind,14.8918,GWh,8,2023
Colombia,Net Electricity Production,2023-07-01,Hydro,4598.5905,GWh,7,2023
Colombia,Net Electricity Production,2023-07-01,Combustible Renewables,229.6547,GWh,7,2023
Colombia,Net Electricity Production,2023-07-01,Solar,97.6065,GWh,7,2023
Colombia,Net Electricity Production,2023-07-01,Wind,22.2805,GWh,7,2023
Colombia,Net Electricity Production,2023-06-01,Hydro,4719.4757,GWh,6,2023
Colombia,Net Electricity Production,2023-06-01,Combustible Renewables,229.6289,GWh,6,2023
Colombia,Net Electricity Production,2023-06-01,Solar,81.818,GWh,6,2023
Colombia,Net Electricity Production,2023-06-01,Wind,14.9477,GWh,6,2023
Colombia,Net Electricity Production,2023-05-01,Hydro,4822.5518,GWh,5,2023
Colombia,Net Electricity Production,2023-05-01,Combustible Renewables,229.5873,GWh,5,2023
Colombia,Net Electricity Production,2023-05-01,Solar,71.0354,GWh,5,2023
Colombia,Net Electricity Production,2023-05-01,Wind,16.6686,GWh,5,2023
Colombia,Net Electricity Production,2023-04-01,Hydro,5186.2752,GWh,4,2023
Colombia,Net Electricity Production,2023-04-01,Combustible Renewables,229.6256,GWh,4,2023
Colombia,Net Electricity Production,2023-04-01,Solar,70.2518,GWh,4,2023
Colombia,Net Electricity Production,2023-04-01,Wind,17.231,GWh,4,2023
Colombia,Net Electricity Production,2023-03-01,Hydro,5281.1886,GWh,3,2023
Colombia,Net Electricity Production,2023-03-01,Combustible Renewables,229.6524,GWh,3,2023
Colombia,Net Electricity Production,2023-03-01,Solar,67.3201,GWh,3,2023
Colombia,Net Electricity Production,2023-03-01,Wind,20.8083,GWh,3,2023
Colombia,Net Electricity Production,2023-02-01,Hydro,4523.3454,GWh,2,2023
Colombia,Net Electricity Production,2023-02-01,Combustible Renewables,229.6573,GWh,2,2023
Colombia,Net Electricity Production,2023-02-01,Solar,67.1799,GWh,2,2023
Colombia,Net Electricity Production,2023-02-01,Wind,18.9256,GWh,2,2023
Colombia,Net Electricity Production,2023-01-01,Hydro,5258.8446,GWh,1,2023
Colombia,Net Electricity Production,2023-01-01,Combustible Renewables,229.6425,GWh,1,2023
Colombia,Net Electricity Production,2023-01-01,Solar,65.2622,GWh,1,2023
Colombia,Net Electricity Production,2023-01-01,Wind,18.2275,GWh,1,2023
Colombia,Net Electricity Production,2022-12-01,Hydro,5147.7353,GWh,12,2022
Colombia,Net Electricity Production,2022-12-01,Combustible Renewables,189.3349,GWh,12,2022
Colombia,Net Electricity Production,2022-12-01,Solar,74.2689,GWh,12,2022
Colombia,Net Electricity Production,2022-12-01,Wind,5.0522,GWh,12,2022
Colombia,Net Electricity Production,2022-11-01,Hydro,5292.3537,GWh,11,2022
Colombia,Net Electricity Production,2022-11-01,Combustible Renewables,189.3822,GWh,11,2022
Colombia,Net Electricity Production,2022-11-01,Solar,53.7322,GWh,11,2022
Colombia,Net Electricity Production,2022-11-01,Wind,2.8279,GWh,11,2022
Colombia,Net Electricity Production,2022-10-01,Hydro,5468.9071,GWh,10,2022
Colombia,Net Electricity Production,2022-10-01,Combustible Renewables,189.386,GWh,10,2022
Colombia,Net Electricity Production,2022-10-01,Solar,58.8239,GWh,10,2022
Colombia,Net Electricity Production,2022-10-01,Wind,2.3254,GWh,10,2022
Colombia,Net Electricity Production,2022-09-01,Hydro,5142.3708,GWh,9,2022
Colombia,Net Electricity Production,2022-09-01,Combustible Renewables,189.4004,GWh,9,2022
Colombia,Net Electricity Production,2022-09-01,Solar,54.3858,GWh,9,2022
Colombia,Net Electricity Production,2022-09-01,Wind,2.0778,GWh,9,2022
Colombia,Net Electricity Production,2022-08-01,Hydro,5325.9442,GWh,8,2022
Colombia,Net Electricity Production,2022-08-01,Combustible Renewables,189.4234,GWh,8,2022
Colombia,Net Electricity Production,2022-08-01,Solar,49.23,GWh,8,2022
Colombia,Net Electricity Production,2022-08-01,Wind,6.405,GWh,8,2022
Colombia,Net Electricity Production,2022-07-01,Hydro,5187.1428,GWh,7,2022
Colombia,Net Electricity Production,2022-07-01,Combustible Renewables,189.3259,GWh,7,2022
Colombia,Net Electricity Production,2022-07-01,Solar,38.0352,GWh,7,2022
Colombia,Net Electricity Production,2022-07-01,Wind,8.9119,GWh,7,2022
Colombia,Net Electricity Production,2022-06-01,Hydro,4960.1773,GWh,6,2022
Colombia,Net Electricity Production,2022-06-01,Combustible Renewables,189.3743,GWh,6,2022
Colombia,Net Electricity Production,2022-06-01,Solar,27.2161,GWh,6,2022
Colombia,Net Electricity Production,2022-06-01,Wind,7.2373,GWh,6,2022
Colombia,Net Electricity Production,2022-05-01,Hydro,5260.0351,GWh,5,2022
Colombia,Net Electricity Production,2022-05-01,Combustible Renewables,189.392,GWh,5,2022
Colombia,Net Electricity Production,2022-05-01,Solar,27.0996,GWh,5,2022
Colombia,Net Electricity Production,2022-05-01,Wind,6.1417,GWh,5,2022
Colombia,Net Electricity Production,2022-04-01,Hydro,4968.9221,GWh,4,2022
Colombia,Net Electricity Production,2022-04-01,Combustible Renewables,189.3624,GWh,4,2022
Colombia,Net Electricity Production,2022-04-01,Solar,28.2295,GWh,4,2022
Colombia,Net Electricity Production,2022-04-01,Wind,6.7983,GWh,4,2022
Colombia,Net Electricity Production,2022-03-01,Hydro,5067.6348,GWh,3,2022
Colombia,Net Electricity Production,2022-03-01,Combustible Renewables,189.3423,GWh,3,2022
Colombia,Net Electricity Production,2022-03-01,Solar,30.253,GWh,3,2022
Colombia,Net Electricity Production,2022-03-01,Wind,9.5764,GWh,3,2022
Colombia,Net Electricity Production,2022-02-01,Hydro,4109.8795,GWh,2,2022
Colombia,Net Electricity Production,2022-02-01,Combustible Renewables,189.3414,GWh,2,2022
Colombia,Net Electricity Production,2022-02-01,Solar,27.0547,GWh,2,2022
Colombia,Net Electricity Production,2022-02-01,Wind,7.4621,GWh,2,2022
Colombia,Net Electricity Production,2022-01-01,Hydro,4496.8262,GWh,1,2022
Colombia,Net Electricity Production,2022-01-01,Combustible Renewables,189.4316,GWh,1,2022
Colombia,Net Electricity Production,2022-01-01,Solar,34.2781,GWh,1,2022
Colombia,Net Electricity Production,2022-01-01,Wind,7.3079,GWh,1,2022
Colombia,Net Electricity Production,2021-12-01,Hydro,4818.5864,GWh,12,2021
Colombia,Net Electricity Production,2021-12-01,Combustible Renewables,183.6932,GWh,12,2021
Colombia,Net Electricity Production,2021-12-01,Geothermal,0.0,GWh,12,2021
Colombia,Net Electricity Production,2021-12-01,Solar,38.428,GWh,12,2021
Colombia,Net Electricity Production,2021-12-01,Other Renewables,0.0,GWh,12,2021
Colombia,Net Electricity Production,2021-12-01,Wind,4.6262,GWh,12,2021
Colombia,Net Electricity Production,2021-11-01,Hydro,5328.5478,GWh,11,2021
Colombia,Net Electricity Production,2021-11-01,Combustible Renewables,183.5788,GWh,11,2021
Colombia,Net Electricity Production,2021-11-01,Geothermal,0.0,GWh,11,2021
Colombia,Net Electricity Production,2021-11-01,Solar,35.8733,GWh,11,2021
Colombia,Net Electricity Production,2021-11-01,Other Renewables,0.0,GWh,11,2021
Colombia,Net Electricity Production,2021-11-01,Wind,3.1705,GWh,11,2021
Colombia,Net Electricity Production,2021-10-01,Hydro,5580.5925,GWh,10,2021
Colombia,Net Electricity Production,2021-10-01,Combustible Renewables,183.638,GWh,10,2021
Colombia,Net Electricity Production,2021-10-01,Geothermal,0.0,GWh,10,2021
Colombia,Net Electricity Production,2021-10-01,Solar,33.5293,GWh,10,2021
Colombia,Net Electricity Production,2021-10-01,Other Renewables,0.0,GWh,10,2021
Colombia,Net Electricity Production,2021-10-01,Wind,2.6408,GWh,10,2021
Colombia,Net Electricity Production,2021-09-01,Hydro,5498.7174,GWh,9,2021
Colombia,Net Electricity Production,2021-09-01,Combustible Renewables,183.6023,GWh,9,2021
Colombia,Net Electricity Production,2021-09-01,Geothermal,0.0,GWh,9,2021
Colombia,Net Electricity Production,2021-09-01,Solar,29.5789,GWh,9,2021
Colombia,Net Electricity Production,2021-09-01,Other Renewables,0.0,GWh,9,2021
Colombia,Net Electricity Production,2021-09-01,Wind,3.8554,GWh,9,2021
Colombia,Net Electricity Production,2021-08-01,Hydro,5351.4869,GWh,8,2021
Colombia,Net Electricity Production,2021-08-01,Combustible Renewables,183.5849,GWh,8,2021
Colombia,Net Electricity Production,2021-08-01,Geothermal,0.0,GWh,8,2021
Colombia,Net Electricity Production,2021-08-01,Solar,25.6596,GWh,8,2021
Colombia,Net Electricity Production,2021-08-01,Other Renewables,0.0,GWh,8,2021
Colombia,Net Electricity Production,2021-08-01,Wind,4.4381,GWh,8,2021
Colombia,Net Electricity Production,2021-07-01,Hydro,5332.3929,GWh,7,2021
Colombia,Net Electricity Production,2021-07-01,Combustible Renewables,183.59,GWh,7,2021
Colombia,Net Electricity Production,2021-07-01,Geothermal,0.0,GWh,7,2021
Colombia,Net Electricity Production,2021-07-01,Solar,21.8151,GWh,7,2021
Colombia,Net Electricity Production,2021-07-01,Other Renewables,0.0,GWh,7,2021
Colombia,Net Electricity Production,2021-07-01,Wind,6.1194,GWh,7,2021
Colombia,Net Electricity Production,2021-06-01,Hydro,5092.7922,GWh,6,2021
Colombia,Net Electricity Production,2021-06-01,Combustible Renewables,183.5932,GWh,6,2021
Colombia,Net Electricity Production,2021-06-01,Geothermal,0.0,GWh,6,2021
Colombia,Net Electricity Production,2021-06-01,Solar,22.3516,GWh,6,2021
Colombia,Net Electricity Production,2021-06-01,Other Renewables,0.0,GWh,6,2021
Colombia,Net Electricity Production,2021-06-01,Wind,6.0067,GWh,6,2021
Colombia,Net Electricity Production,2021-05-01,Hydro,5137.0145,GWh,5,2021
Colombia,Net Electricity Production,2021-05-01,Combustible Renewables,183.6919,GWh,5,2021
Colombia,Net Electricity Production,2021-05-01,Geothermal,0.0,GWh,5,2021
Colombia,Net Electricity Production,2021-05-01,Solar,22.0532,GWh,5,2021
Colombia,Net Electricity Production,2021-05-01,Other Renewables,0.0,GWh,5,2021
Colombia,Net Electricity Production,2021-05-01,Wind,6.9922,GWh,5,2021
Colombia,Net Electricity Production,2021-04-01,Hydro,4762.4764,GWh,4,2021
Colombia,Net Electricity Production,2021-04-01,Combustible Renewables,183.6116,GWh,4,2021
Colombia,Net Electricity Production,2021-04-01,Geothermal,0.0,GWh,4,2021
Colombia,Net Electricity Production,2021-04-01,Solar,22.8164,GWh,4,2021
Colombia,Net Electricity Production,2021-04-01,Other Renewables,0.0,GWh,4,2021
Colombia,Net Electricity Production,2021-04-01,Wind,6.3398,GWh,4,2021
Colombia,Net Electricity Production,2021-03-01,Hydro,4825.0188,GWh,3,2021
Colombia,Net Electricity Production,2021-03-01,Combustible Renewables,183.6168,GWh,3,2021
Colombia,Net Electricity Production,2021-03-01,Geothermal,0.0,GWh,3,2021
Colombia,Net Electricity Production,2021-03-01,Solar,24.0222,GWh,3,2021
Colombia,Net Electricity Production,2021-03-01,Other Renewables,0.0,GWh,3,2021
Colombia,Net Electricity Production,2021-03-01,Wind,6.2167,GWh,3,2021
Colombia,Net Electricity Production,2021-02-01,Hydro,3993.4059,GWh,2,2021
Colombia,Net Electricity Production,2021-02-01,Combustible Renewables,183.5855,GWh,2,2021
Colombia,Net Electricity Production,2021-02-01,Geothermal,0.0,GWh,2,2021
Colombia,Net Electricity Production,2021-02-01,Solar,22.7534,GWh,2,2021
Colombia,Net Electricity Production,2021-02-01,Other Renewables,0.0,GWh,2,2021
Colombia,Net Electricity Production,2021-02-01,Wind,5.6824,GWh,2,2021
Colombia,Net Electricity Production,2021-01-01,Hydro,4575.2275,GWh,1,2021
Colombia,Net Electricity Production,2021-01-01,Combustible Renewables,183.5816,GWh,1,2021
Colombia,Net Electricity Production,2021-01-01,Geothermal,0.0,GWh,1,2021
Colombia,Net Electricity Production,2021-01-01,Solar,24.136,GWh,1,2021
Colombia,Net Electricity Production,2021-01-01,Other Renewables,0.0,GWh,1,2021
Colombia,Net Electricity Production,2021-01-01,Wind,4.3738,GWh,1,2021
Colombia,Net Electricity Production,2020-12-01,Hydro,4669.5601,GWh,12,2020
Colombia,Net Electricity Production,2020-12-01,Combustible Renewables,173.7709,GWh,12,2020
Colombia,Net Electricity Production,2020-12-01,Geothermal,0.0,GWh,12,2020
Colombia,Net Electricity Production,2020-12-01,Solar,23.4687,GWh,12,2020
Colombia,Net Electricity Production,2020-12-01,Other Renewables,0.0,GWh,12,2020
Colombia,Net Electricity Production,2020-12-01,Wind,3.2991,GWh,12,2020
Colombia,Net Electricity Production,2020-11-01,Hydro,4698.9114,GWh,11,2020
Colombia,Net Electricity Production,2020-11-01,Combustible Renewables,173.7685,GWh,11,2020
Colombia,Net Electricity Production,2020-11-01,Geothermal,0.0,GWh,11,2020
Colombia,Net Electricity Production,2020-11-01,Solar,15.9471,GWh,11,2020
Colombia,Net Electricity Production,2020-11-01,Other Renewables,0.0,GWh,11,2020
Colombia,Net Electricity Production,2020-11-01,Wind,1.2735,GWh,11,2020
Colombia,Net Electricity Production,2020-10-01,Hydro,4525.4725,GWh,10,2020
Colombia,Net Electricity Production,2020-10-01,Combustible Renewables,173.7702,GWh,10,2020
Colombia,Net Electricity Production,2020-10-01,Geothermal,0.0,GWh,10,2020
Colombia,Net Electricity Production,2020-10-01,Solar,17.2026,GWh,10,2020
Colombia,Net Electricity Production,2020-10-01,Other Renewables,0.0,GWh,10,2020
Colombia,Net Electricity Production,2020-10-01,Wind,1.3912,GWh,10,2020
Colombia,Net Electricity Production,2020-09-01,Hydro,4344.2693,GWh,9,2020
Colombia,Net Electricity Production,2020-09-01,Combustible Renewables,173.77,GWh,9,2020
Colombia,Net Electricity Production,2020-09-01,Geothermal,0.0,GWh,9,2020
Colombia,Net Electricity Production,2020-09-01,Solar,16.799,GWh,9,2020
Colombia,Net Electricity Production,2020-09-01,Other Renewables,0.0,GWh,9,2020
Colombia,Net Electricity Production,2020-09-01,Wind,1.3966,GWh,9,2020
Colombia,Net Electricity Production,2020-08-01,Hydro,4564.7455,GWh,8,2020
Colombia,Net Electricity Production,2020-08-01,Combustible Renewables,173.7704,GWh,8,2020
Colombia,Net Electricity Production,2020-08-01,Geothermal,0.0,GWh,8,2020
Colombia,Net Electricity Production,2020-08-01,Solar,14.5819,GWh,8,2020
Colombia,Net Electricity Production,2020-08-01,Other Renewables,0.0,GWh,8,2020
Colombia,Net Electricity Production,2020-08-01,Wind,1.9438,GWh,8,2020
Colombia,Net Electricity Production,2020-07-01,Hydro,4539.0598,GWh,7,2020
Colombia,Net Electricity Production,2020-07-01,Combustible Renewables,173.7704,GWh,7,2020
Colombia,Net Electricity Production,2020-07-01,Geothermal,0.0,GWh,7,2020
Colombia,Net Electricity Production,2020-07-01,Solar,14.5587,GWh,7,2020
Colombia,Net Electricity Production,2020-07-01,Other Renewables,0.0,GWh,7,2020
Colombia,Net Electricity Production,2020-07-01,Wind,0.0055,GWh,7,2020
Colombia,Net Electricity Production,2020-06-01,Hydro,3340.1844,GWh,6,2020
Colombia,Net Electricity Production,2020-06-01,Combustible Renewables,173.7699,GWh,6,2020
Colombia,Net Electricity Production,2020-06-01,Geothermal,0.0,GWh,6,2020
Colombia,Net Electricity Production,2020-06-01,Solar,14.0645,GWh,6,2020
Colombia,Net Electricity Production,2020-06-01,Other Renewables,0.0,GWh,6,2020
Colombia,Net Electricity Production,2020-06-01,Wind,0.0,GWh,6,2020
Colombia,Net Electricity Production,2020-05-01,Hydro,3292.8169,GWh,5,2020
Colombia,Net Electricity Production,2020-05-01,Combustible Renewables,173.7686,GWh,5,2020
Colombia,Net Electricity Production,2020-05-01,Geothermal,0.0,GWh,5,2020
Colombia,Net Electricity Production,2020-05-01,Solar,15.3801,GWh,5,2020
Colombia,Net Electricity Production,2020-05-01,Other Renewables,0.0,GWh,5,2020
Colombia,Net Electricity Production,2020-05-01,Wind,0.0,GWh,5,2020
Colombia,Net Electricity Production,2020-04-01,Hydro,3362.9603,GWh,4,2020
Colombia,Net Electricity Production,2020-04-01,Combustible Renewables,173.7692,GWh,4,2020
Colombia,Net Electricity Production,2020-04-01,Geothermal,0.0,GWh,4,2020
Colombia,Net Electricity Production,2020-04-01,Solar,15.0527,GWh,4,2020
Colombia,Net Electricity Production,2020-04-01,Other Renewables,0.0,GWh,4,2020
Colombia,Net Electricity Production,2020-04-01,Wind,0.0,GWh,4,2020
Colombia,Net Electricity Production,2020-03-01,Hydro,3679.0366,GWh,3,2020
Colombia,Net Electricity Production,2020-03-01,Combustible Renewables,173.7703,GWh,3,2020
Colombia,Net Electricity Production,2020-03-01,Geothermal,0.0,GWh,3,2020
Colombia,Net Electricity Production,2020-03-01,Solar,16.2958,GWh,3,2020
Colombia,Net Electricity Production,2020-03-01,Other Renewables,0.0,GWh,3,2020
Colombia,Net Electricity Production,2020-03-01,Wind,0.0,GWh,3,2020
Colombia,Net Electricity Production,2020-02-01,Hydro,3452.5597,GWh,2,2020
Colombia,Net Electricity Production,2020-02-01,Combustible Renewables,173.7708,GWh,2,2020
Colombia,Net Electricity Production,2020-02-01,Geothermal,0.0,GWh,2,2020
Colombia,Net Electricity Production,2020-02-01,Solar,15.6607,GWh,2,2020
Colombia,Net Electricity Production,2020-02-01,Other Renewables,0.0,GWh,2,2020
Colombia,Net Electricity Production,2020-02-01,Wind,0.0,GWh,2,2020
Colombia,Net Electricity Production,2020-01-01,Hydro,3910.4444,GWh,1,2020
Colombia,Net Electricity Production,2020-01-01,Combustible Renewables,173.7709,GWh,1,2020
Colombia,Net Electricity Production,2020-01-01,Geothermal,0.0,GWh,1,2020
Colombia,Net Electricity Production,2020-01-01,Solar,15.9132,GWh,1,2020
Colombia,Net Electricity Production,2020-01-01,Other Renewables,0.0,GWh,1,2020
Colombia,Net Electricity Production,2020-01-01,Wind,0.5113,GWh,1,2020
Colombia,Net Electricity Production,2019-12-01,Hydro,3824.1722,GWh,12,2019
Colombia,Net Electricity Production,2019-12-01,Combustible Renewables,127.1489,GWh,12,2019
Colombia,Net Electricity Production,2019-12-01,Geothermal,0.0,GWh,12,2019
Colombia,Net Electricity Production,2019-12-01,Solar,12.0707,GWh,12,2019
Colombia,Net Electricity Production,2019-12-01,Other Renewables,0.0,GWh,12,2019
Colombia,Net Electricity Production,2019-12-01,Wind,4.587,GWh,12,2019
Colombia,Net Electricity Production,2019-11-01,Hydro,4326.4463,GWh,11,2019
Colombia,Net Electricity Production,2019-11-01,Combustible Renewables,127.1442,GWh,11,2019
Colombia,Net Electricity Production,2019-11-01,Geothermal,0.0,GWh,11,2019
Colombia,Net Electricity Production,2019-11-01,Solar,13.1792,GWh,11,2019
Colombia,Net Electricity Production,2019-11-01,Other Renewables,0.0,GWh,11,2019
Colombia,Net Electricity Production,2019-11-01,Wind,3.3739,GWh,11,2019
Colombia,Net Electricity Production,2019-10-01,Hydro,4343.7145,GWh,10,2019
Colombia,Net Electricity Production,2019-10-01,Combustible Renewables,127.1521,GWh,10,2019
Colombia,Net Electricity Production,2019-10-01,Geothermal,0.0,GWh,10,2019
Colombia,Net Electricity Production,2019-10-01,Solar,12.2493,GWh,10,2019
Colombia,Net Electricity Production,2019-10-01,Other Renewables,0.0,GWh,10,2019
Colombia,Net Electricity Production,2019-10-01,Wind,2.2724,GWh,10,2019
Colombia,Net Electricity Production,2019-09-01,Hydro,4487.7466,GWh,9,2019
Colombia,Net Electricity Production,2019-09-01,Combustible Renewables,127.1505,GWh,9,2019
Colombia,Net Electricity Production,2019-09-01,Geothermal,0.0,GWh,9,2019
Colombia,Net Electricity Production,2019-09-01,Solar,12.4992,GWh,9,2019
Colombia,Net Electricity Production,2019-09-01,Other Renewables,0.0,GWh,9,2019
Colombia,Net Electricity Production,2019-09-01,Wind,2.4165,GWh,9,2019
Colombia,Net Electricity Production,2019-08-01,Hydro,4993.6641,GWh,8,2019
Colombia,Net Electricity Production,2019-08-01,Combustible Renewables,127.1511,GWh,8,2019
Colombia,Net Electricity Production,2019-08-01,Geothermal,0.0,GWh,8,2019
Colombia,Net Electricity Production,2019-08-01,Solar,13.1855,GWh,8,2019
Colombia,Net Electricity Production,2019-08-01,Other Renewables,0.0,GWh,8,2019
Colombia,Net Electricity Production,2019-08-01,Wind,3.786,GWh,8,2019
Colombia,Net Electricity Production,2019-07-01,Hydro,5101.3135,GWh,7,2019
Colombia,Net Electricity Production,2019-07-01,Combustible Renewables,127.1514,GWh,7,2019
Colombia,Net Electricity Production,2019-07-01,Geothermal,0.0,GWh,7,2019
Colombia,Net Electricity Production,2019-07-01,Solar,12.702,GWh,7,2019
Colombia,Net Electricity Production,2019-07-01,Other Renewables,0.0,GWh,7,2019
Colombia,Net Electricity Production,2019-07-01,Wind,6.3567,GWh,7,2019
Colombia,Net Electricity Production,2019-06-01,Hydro,4901.9759,GWh,6,2019
Colombia,Net Electricity Production,2019-06-01,Combustible Renewables,127.1482,GWh,6,2019
Colombia,Net Electricity Production,2019-06-01,Geothermal,0.0,GWh,6,2019
Colombia,Net Electricity Production,2019-06-01,Solar,11.9723,GWh,6,2019
Colombia,Net Electricity Production,2019-06-01,Other Renewables,0.0,GWh,6,2019
Colombia,Net Electricity Production,2019-06-01,Wind,6.4304,GWh,6,2019
Colombia,Net Electricity Production,2019-05-01,Hydro,4810.2852,GWh,5,2019
Colombia,Net Electricity Production,2019-05-01,Combustible Renewables,127.1417,GWh,5,2019
Colombia,Net Electricity Production,2019-05-01,Geothermal,0.0,GWh,5,2019
Colombia,Net Electricity Production,2019-05-01,Solar,10.4222,GWh,5,2019
Colombia,Net Electricity Production,2019-05-01,Other Renewables,0.0,GWh,5,2019
Colombia,Net Electricity Production,2019-05-01,Wind,6.1812,GWh,5,2019
Colombia,Net Electricity Production,2019-04-01,Hydro,4478.6759,GWh,4,2019
Colombia,Net Electricity Production,2019-04-01,Combustible Renewables,127.146,GWh,4,2019
Colombia,Net Electricity Production,2019-04-01,Geothermal,0.0,GWh,4,2019
Colombia,Net Electricity Production,2019-04-01,Solar,12.6934,GWh,4,2019
Colombia,Net Electricity Production,2019-04-01,Other Renewables,0.0,GWh,4,2019
Colombia,Net Electricity Production,2019-04-01,Wind,6.8334,GWh,4,2019
Colombia,Net Electricity Production,2019-03-01,Hydro,4172.0932,GWh,3,2019
Colombia,Net Electricity Production,2019-03-01,Combustible Renewables,127.1503,GWh,3,2019
Colombia,Net Electricity Production,2019-03-01,Geothermal,0.0,GWh,3,2019
Colombia,Net Electricity Production,2019-03-01,Solar,11.9851,GWh,3,2019
Colombia,Net Electricity Production,2019-03-01,Other Renewables,0.0,GWh,3,2019
Colombia,Net Electricity Production,2019-03-01,Wind,6.3316,GWh,3,2019
Colombia,Net Electricity Production,2019-02-01,Hydro,3617.0881,GWh,2,2019
Colombia,Net Electricity Production,2019-02-01,Combustible Renewables,127.1495,GWh,2,2019
Colombia,Net Electricity Production,2019-02-01,Geothermal,0.0,GWh,2,2019
Colombia,Net Electricity Production,2019-02-01,Solar,6.2293,GWh,2,2019
Colombia,Net Electricity Production,2019-02-01,Other Renewables,0.0,GWh,2,2019
Colombia,Net Electricity Production,2019-02-01,Wind,6.693,GWh,2,2019
Colombia,Net Electricity Production,2019-01-01,Hydro,3920.3703,GWh,1,2019
Colombia,Net Electricity Production,2019-01-01,Combustible Renewables,127.1524,GWh,1,2019
Colombia,Net Electricity Production,2019-01-01,Geothermal,0.0,GWh,1,2019
Colombia,Net Electricity Production,2019-01-01,Solar,4.1238,GWh,1,2019
Colombia,Net Electricity Production,2019-01-01,Other Renewables,0.0,GWh,1,2019
Colombia,Net Electricity Production,2019-01-01,Wind,6.3637,GWh,1,2019
Colombia,Net Electricity Production,2018-12-01,Hydro,4622.7516,GWh,12,2018
Colombia,Net Electricity Production,2018-12-01,Combustible Renewables,118.3338,GWh,12,2018
Colombia,Net Electricity Production,2018-12-01,Geothermal,0.0,GWh,12,2018
Colombia,Net Electricity Production,2018-12-01,Solar,4.4779,GWh,12,2018
Colombia,Net Electricity Production,2018-12-01,Other Renewables,0.0,GWh,12,2018
Colombia,Net Electricity Production,2018-12-01,Wind,5.6549,GWh,12,2018
Colombia,Net Electricity Production,2018-11-01,Hydro,5171.7903,GWh,11,2018
Colombia,Net Electricity Production,2018-11-01,Combustible Renewables,118.2031,GWh,11,2018
Colombia,Net Electricity Production,2018-11-01,Geothermal,0.0,GWh,11,2018
Colombia,Net Electricity Production,2018-11-01,Solar,0.7277,GWh,11,2018
Colombia,Net Electricity Production,2018-11-01,Other Renewables,0.0,GWh,11,2018
Colombia,Net Electricity Production,2018-11-01,Wind,3.6409,GWh,11,2018
Colombia,Net Electricity Production,2018-10-01,Hydro,5131.3907,GWh,10,2018
Colombia,Net Electricity Production,2018-10-01,Combustible Renewables,118.3166,GWh,10,2018
Colombia,Net Electricity Production,2018-10-01,Geothermal,0.0,GWh,10,2018
Colombia,Net Electricity Production,2018-10-01,Solar,0.8364,GWh,10,2018
Colombia,Net Electricity Production,2018-10-01,Other Renewables,0.0,GWh,10,2018
Colombia,Net Electricity Production,2018-10-01,Wind,1.8497,GWh,10,2018
Colombia,Net Electricity Production,2018-09-01,Hydro,4936.7191,GWh,9,2018
Colombia,Net Electricity Production,2018-09-01,Combustible Renewables,118.2917,GWh,9,2018
Colombia,Net Electricity Production,2018-09-01,Geothermal,0.0,GWh,9,2018
Colombia,Net Electricity Production,2018-09-01,Solar,0.5289,GWh,9,2018
Colombia,Net Electricity Production,2018-09-01,Other Renewables,0.0,GWh,9,2018
Colombia,Net Electricity Production,2018-09-01,Wind,3.6692,GWh,9,2018
Colombia,Net Electricity Production,2018-08-01,Hydro,5189.1451,GWh,8,2018
Colombia,Net Electricity Production,2018-08-01,Combustible Renewables,118.3197,GWh,8,2018
Colombia,Net Electricity Production,2018-08-01,Geothermal,0.0,GWh,8,2018
Colombia,Net Electricity Production,2018-08-01,Solar,0.6171,GWh,8,2018
Colombia,Net Electricity Production,2018-08-01,Other Renewables,0.0,GWh,8,2018
Colombia,Net Electricity Production,2018-08-01,Wind,5.59,GWh,8,2018
Colombia,Net Electricity Production,2018-07-01,Hydro,5209.7446,GWh,7,2018
Colombia,Net Electricity Production,2018-07-01,Combustible Renewables,118.3184,GWh,7,2018
Colombia,Net Electricity Production,2018-07-01,Geothermal,0.0,GWh,7,2018
Colombia,Net Electricity Production,2018-07-01,Solar,1.4712,GWh,7,2018
Colombia,Net Electricity Production,2018-07-01,Other Renewables,0.0,GWh,7,2018
Colombia,Net Electricity Production,2018-07-01,Wind,5.6915,GWh,7,2018
Colombia,Net Electricity Production,2018-06-01,Hydro,4963.8795,GWh,6,2018
Colombia,Net Electricity Production,2018-06-01,Combustible Renewables,118.2554,GWh,6,2018
Colombia,Net Electricity Production,2018-06-01,Geothermal,0.0,GWh,6,2018
Colombia,Net Electricity Production,2018-06-01,Solar,1.7057,GWh,6,2018
Colombia,Net Electricity Production,2018-06-01,Other Renewables,0.0,GWh,6,2018
Colombia,Net Electricity Production,2018-06-01,Wind,3.7201,GWh,6,2018
Colombia,Net Electricity Production,2018-05-01,Hydro,5046.0738,GWh,5,2018
Colombia,Net Electricity Production,2018-05-01,Combustible Renewables,118.1555,GWh,5,2018
Colombia,Net Electricity Production,2018-05-01,Geothermal,0.0,GWh,5,2018
Colombia,Net Electricity Production,2018-05-01,Solar,1.7668,GWh,5,2018
Colombia,Net Electricity Production,2018-05-01,Other Renewables,0.0,GWh,5,2018
Colombia,Net Electricity Production,2018-05-01,Wind,2.8794,GWh,5,2018
Colombia,Net Electricity Production,2018-04-01,Hydro,4905.4692,GWh,4,2018
Colombia,Net Electricity Production,2018-04-01,Combustible Renewables,118.2572,GWh,4,2018
Colombia,Net Electricity Production,2018-04-01,Geothermal,0.0,GWh,4,2018
Colombia,Net Electricity Production,2018-04-01,Solar,1.8253,GWh,4,2018
Colombia,Net Electricity Production,2018-04-01,Other Renewables,0.0,GWh,4,2018
Colombia,Net Electricity Production,2018-04-01,Wind,2.7123,GWh,4,2018
Colombia,Net Electricity Production,2018-03-01,Hydro,4482.1312,GWh,3,2018
Colombia,Net Electricity Production,2018-03-01,Combustible Renewables,118.2969,GWh,3,2018
Colombia,Net Electricity Production,2018-03-01,Geothermal,0.0,GWh,3,2018
Colombia,Net Electricity Production,2018-03-01,Solar,2.2511,GWh,3,2018
Colombia,Net Electricity Production,2018-03-01,Other Renewables,0.0,GWh,3,2018
Colombia,Net Electricity Production,2018-03-01,Wind,3.046,GWh,3,2018
Colombia,Net Electricity Production,2018-02-01,Hydro,3891.0167,GWh,2,2018
Colombia,Net Electricity Production,2018-02-01,Combustible Renewables,118.2877,GWh,2,2018
Colombia,Net Electricity Production,2018-02-01,Geothermal,0.0,GWh,2,2018
Colombia,Net Electricity Production,2018-02-01,Solar,2.0409,GWh,2,2018
Colombia,Net Electricity Production,2018-02-01,Other Renewables,0.0,GWh,2,2018
Colombia,Net Electricity Production,2018-02-01,Wind,2.3321,GWh,2,2018
Colombia,Net Electricity Production,2018-01-01,Hydro,4638.02,GWh,1,2018
Colombia,Net Electricity Production,2018-01-01,Combustible Renewables,118.2794,GWh,1,2018
Colombia,Net Electricity Production,2018-01-01,Geothermal,0.0,GWh,1,2018
Colombia,Net Electricity Production,2018-01-01,Solar,2.141,GWh,1,2018
Colombia,Net Electricity Production,2018-01-01,Other Renewables,0.0,GWh,1,2018
Colombia,Net Electricity Production,2018-01-01,Wind,1.4998,GWh,1,2018
Colombia,Net Electricity Production,2017-12-01,Hydro,5061.7784,GWh,12,2017
Colombia,Net Electricity Production,2017-12-01,Combustible Renewables,115.9531,GWh,12,2017
Colombia,Net Electricity Production,2017-12-01,Solar,3.2918,GWh,12,2017
Colombia,Net Electricity Production,2017-12-01,Wind,0.8393,GWh,12,2017
Colombia,Net Electricity Production,2017-11-01,Hydro,4876.7118,GWh,11,2017
Colombia,Net Electricity Production,2017-11-01,Combustible Renewables,115.8664,GWh,11,2017
Colombia,Net Electricity Production,2017-11-01,Solar,2.9756,GWh,11,2017
Colombia,Net Electricity Production,2017-11-01,Wind,0.3281,GWh,11,2017
Colombia,Net Electricity Production,2017-10-01,Hydro,4998.7696,GWh,10,2017
Colombia,Net Electricity Production,2017-10-01,Combustible Renewables,115.9838,GWh,10,2017
Colombia,Net Electricity Production,2017-10-01,Solar,2.9782,GWh,10,2017
Colombia,Net Electricity Production,2017-10-01,Wind,0.3213,GWh,10,2017
Colombia,Net Electricity Production,2017-09-01,Hydro,4962.0514,GWh,9,2017
Colombia,Net Electricity Production,2017-09-01,Combustible Renewables,115.9676,GWh,9,2017
Colombia,Net Electricity Production,2017-09-01,Solar,3.4292,GWh,9,2017
Colombia,Net Electricity Production,2017-09-01,Wind,0.1344,GWh,9,2017
Colombia,Net Electricity Production,2017-08-01,Hydro,5255.9233,GWh,8,2017
Colombia,Net Electricity Production,2017-08-01,Combustible Renewables,115.996,GWh,8,2017
Colombia,Net Electricity Production,2017-08-01,Solar,1.2882,GWh,8,2017
Colombia,Net Electricity Production,2017-08-01,Wind,0.0779,GWh,8,2017
Colombia,Net Electricity Production,2017-07-01,Hydro,5276.5423,GWh,7,2017
Colombia,Net Electricity Production,2017-07-01,Combustible Renewables,115.9641,GWh,7,2017
Colombia,Net Electricity Production,2017-07-01,Solar,0.0,GWh,7,2017
Colombia,Net Electricity Production,2017-06-01,Hydro,5099.3265,GWh,6,2017
Colombia,Net Electricity Production,2017-06-01,Combustible Renewables,115.8407,GWh,6,2017
Colombia,Net Electricity Production,2017-06-01,Solar,0.0,GWh,6,2017
Colombia,Net Electricity Production,2017-06-01,Wind,0.2123,GWh,6,2017
Colombia,Net Electricity Production,2017-05-01,Hydro,5251.3326,GWh,5,2017
Colombia,Net Electricity Production,2017-05-01,Combustible Renewables,115.7244,GWh,5,2017
Colombia,Net Electricity Production,2017-05-01,Solar,0.0,GWh,5,2017
Colombia,Net Electricity Production,2017-05-01,Wind,0.6446,GWh,5,2017
Colombia,Net Electricity Production,2017-04-01,Hydro,4885.889,GWh,4,2017
Colombia,Net Electricity Production,2017-04-01,Combustible Renewables,115.9096,GWh,4,2017
Colombia,Net Electricity Production,2017-04-01,Solar,0.0,GWh,4,2017
Colombia,Net Electricity Production,2017-04-01,Wind,0.4342,GWh,4,2017
Colombia,Net Electricity Production,2017-03-01,Hydro,4769.7494,GWh,3,2017
Colombia,Net Electricity Production,2017-03-01,Combustible Renewables,115.9647,GWh,3,2017
Colombia,Net Electricity Production,2017-03-01,Solar,0.0,GWh,3,2017
Colombia,Net Electricity Production,2017-02-01,Hydro,4375.0167,GWh,2,2017
Colombia,Net Electricity Production,2017-02-01,Combustible Renewables,115.9481,GWh,2,2017
Colombia,Net Electricity Production,2017-02-01,Solar,0.0,GWh,2,2017
Colombia,Net Electricity Production,2017-01-01,Hydro,4891.8052,GWh,1,2017
Colombia,Net Electricity Production,2017-01-01,Combustible Renewables,115.9629,GWh,1,2017
Colombia,Net Electricity Production,2017-01-01,Solar,0.0,GWh,1,2017
Colombia,Net Electricity Production,2016-12-01,Hydro,4798.2378,GWh,12,2016
Colombia,Net Electricity Production,2016-12-01,Combustible Renewables,118.5956,GWh,12,2016
Colombia,Net Electricity Production,2016-12-01,Solar,0.7107,GWh,12,2016
Colombia,Net Electricity Production,2016-12-01,Wind,1.529,GWh,12,2016
Colombia,Net Electricity Production,2016-11-01,Hydro,4519.1294,GWh,11,2016
Colombia,Net Electricity Production,2016-11-01,Combustible Renewables,118.5946,GWh,11,2016
Colombia,Net Electricity Production,2016-11-01,Solar,0.6971,GWh,11,2016
Colombia,Net Electricity Production,2016-11-01,Wind,1.0548,GWh,11,2016
Colombia,Net Electricity Production,2016-10-01,Hydro,4385.7892,GWh,10,2016
Colombia,Net Electricity Production,2016-10-01,Combustible Renewables,118.6406,GWh,10,2016
Colombia,Net Electricity Production,2016-10-01,Solar,0.7538,GWh,10,2016
Colombia,Net Electricity Production,2016-10-01,Wind,1.4158,GWh,10,2016
Colombia,Net Electricity Production,2016-09-01,Hydro,4579.3604,GWh,9,2016
Colombia,Net Electricity Production,2016-09-01,Combustible Renewables,118.6288,GWh,9,2016
Colombia,Net Electricity Production,2016-09-01,Solar,0.7616,GWh,9,2016
Colombia,Net Electricity Production,2016-09-01,Wind,3.2688,GWh,9,2016
Colombia,Net Electricity Production,2016-08-01,Hydro,4632.2164,GWh,8,2016
Colombia,Net Electricity Production,2016-08-01,Combustible Renewables,118.6397,GWh,8,2016
Colombia,Net Electricity Production,2016-08-01,Solar,0.7804,GWh,8,2016
Colombia,Net Electricity Production,2016-08-01,Wind,5.5746,GWh,8,2016
Colombia,Net Electricity Production,2016-07-01,Hydro,4505.5114,GWh,7,2016
Colombia,Net Electricity Production,2016-07-01,Combustible Renewables,118.5975,GWh,7,2016
Colombia,Net Electricity Production,2016-07-01,Solar,0.6582,GWh,7,2016
Colombia,Net Electricity Production,2016-07-01,Wind,6.888,GWh,7,2016
Colombia,Net Electricity Production,2016-06-01,Hydro,4186.5048,GWh,6,2016
Colombia,Net Electricity Production,2016-06-01,Combustible Renewables,118.5756,GWh,6,2016
Colombia,Net Electricity Production,2016-06-01,Solar,0.6313,GWh,6,2016
Colombia,Net Electricity Production,2016-06-01,Wind,5.8019,GWh,6,2016
Colombia,Net Electricity Production,2016-05-01,Hydro,4384.0865,GWh,5,2016
Colombia,Net Electricity Production,2016-05-01,Combustible Renewables,118.5666,GWh,5,2016
Colombia,Net Electricity Production,2016-05-01,Solar,0.6468,GWh,5,2016
Colombia,Net Electricity Production,2016-05-01,Wind,3.9548,GWh,5,2016
Colombia,Net Electricity Production,2016-04-01,Hydro,3375.3304,GWh,4,2016
Colombia,Net Electricity Production,2016-04-01,Combustible Renewables,118.6527,GWh,4,2016
Colombia,Net Electricity Production,2016-04-01,Solar,0.6877,GWh,4,2016
Colombia,Net Electricity Production,2016-04-01,Wind,4.0251,GWh,4,2016
Colombia,Net Electricity Production,2016-03-01,Hydro,2550.8264,GWh,3,2016
Colombia,Net Electricity Production,2016-03-01,Combustible Renewables,118.6584,GWh,3,2016
Colombia,Net Electricity Production,2016-03-01,Solar,0.8173,GWh,3,2016
Colombia,Net Electricity Production,2016-03-01,Wind,5.4721,GWh,3,2016
Colombia,Net Electricity Production,2016-02-01,Hydro,2889.909,GWh,2,2016
Colombia,Net Electricity Production,2016-02-01,Combustible Renewables,118.6402,GWh,2,2016
Colombia,Net Electricity Production,2016-02-01,Solar,0.7406,GWh,2,2016
Colombia,Net Electricity Production,2016-02-01,Wind,5.8644,GWh,2,2016
Colombia,Net Electricity Production,2016-01-01,Hydro,2866.7274,GWh,1,2016
Colombia,Net Electricity Production,2016-01-01,Combustible Renewables,118.6229,GWh,1,2016
Colombia,Net Electricity Production,2016-01-01,Solar,0.8766,GWh,1,2016
Colombia,Net Electricity Production,2016-01-01,Wind,4.8047,GWh,1,2016
Colombia,Net Electricity Production,2015-12-01,Hydro,3279.061,GWh,12,2015
Colombia,Net Electricity Production,2015-12-01,Combustible Renewables,114.069,GWh,12,2015
Colombia,Net Electricity Production,2015-12-01,Solar,0.878,GWh,12,2015
Colombia,Net Electricity Production,2015-12-01,Wind,6.58,GWh,12,2015
Colombia,Net Electricity Production,2015-11-01,Hydro,3246.676,GWh,11,2015
Colombia,Net Electricity Production,2015-11-01,Combustible Renewables,105.531,GWh,11,2015
Colombia,Net Electricity Production,2015-11-01,Solar,0.648,GWh,11,2015
Colombia,Net Electricity Production,2015-11-01,Wind,4.217,GWh,11,2015
Colombia,Net Electricity Production,2015-10-01,Hydro,3383.799,GWh,10,2015
Colombia,Net Electricity Production,2015-10-01,Combustible Renewables,115.856,GWh,10,2015
Colombia,Net Electricity Production,2015-10-01,Solar,0.688,GWh,10,2015
Colombia,Net Electricity Production,2015-10-01,Wind,3.605,GWh,10,2015
Colombia,Net Electricity Production,2015-09-01,Hydro,4027.145,GWh,9,2015
Colombia,Net Electricity Production,2015-09-01,Combustible Renewables,106.575,GWh,9,2015
Colombia,Net Electricity Production,2015-09-01,Solar,0.745,GWh,9,2015
Colombia,Net Electricity Production,2015-09-01,Wind,3.889,GWh,9,2015
Colombia,Net Electricity Production,2015-08-01,Hydro,4572.769,GWh,8,2015
Colombia,Net Electricity Production,2015-08-01,Combustible Renewables,107.426,GWh,8,2015
Colombia,Net Electricity Production,2015-08-01,Solar,0.75,GWh,8,2015
Colombia,Net Electricity Production,2015-08-01,Wind,5.856,GWh,8,2015
Colombia,Net Electricity Production,2015-07-01,Hydro,4401.239,GWh,7,2015
Colombia,Net Electricity Production,2015-07-01,Combustible Renewables,110.106,GWh,7,2015
Colombia,Net Electricity Production,2015-07-01,Solar,0.75,GWh,7,2015
Colombia,Net Electricity Production,2015-07-01,Wind,7.075,GWh,7,2015
Colombia,Net Electricity Production,2015-06-01,Hydro,4136.213,GWh,6,2015
Colombia,Net Electricity Production,2015-06-01,Combustible Renewables,108.211,GWh,6,2015
Colombia,Net Electricity Production,2015-06-01,Solar,0.697,GWh,6,2015
Colombia,Net Electricity Production,2015-06-01,Wind,7.014,GWh,6,2015
Colombia,Net Electricity Production,2015-05-01,Hydro,4206.67,GWh,5,2015
Colombia,Net Electricity Production,2015-05-01,Combustible Renewables,100.754,GWh,5,2015
Colombia,Net Electricity Production,2015-05-01,Solar,0.67,GWh,5,2015
Colombia,Net Electricity Production,2015-05-01,Wind,6.296,GWh,5,2015
Colombia,Net Electricity Production,2015-04-01,Hydro,4352.938,GWh,4,2015
Colombia,Net Electricity Production,2015-04-01,Combustible Renewables,106.82,GWh,4,2015
Colombia,Net Electricity Production,2015-04-01,Solar,0.56,GWh,4,2015
Colombia,Net Electricity Production,2015-04-01,Wind,6.174,GWh,4,2015
Colombia,Net Electricity Production,2015-03-01,Hydro,4317.805,GWh,3,2015
Colombia,Net Electricity Production,2015-03-01,Combustible Renewables,105.937,GWh,3,2015
Colombia,Net Electricity Production,2015-03-01,Solar,0.665,GWh,3,2015
Colombia,Net Electricity Production,2015-03-01,Wind,6.381,GWh,3,2015
Colombia,Net Electricity Production,2015-02-01,Hydro,4082.267,GWh,2,2015
Colombia,Net Electricity Production,2015-02-01,Combustible Renewables,102.804,GWh,2,2015
Colombia,Net Electricity Production,2015-02-01,Solar,0.831,GWh,2,2015
Colombia,Net Electricity Production,2015-02-01,Wind,4.848,GWh,2,2015
Colombia,Net Electricity Production,2015-01-01,Hydro,3931.459,GWh,1,2015
Colombia,Net Electricity Production,2015-01-01,Combustible Renewables,102.525,GWh,1,2015
Colombia,Net Electricity Production,2015-01-01,Solar,1.065,GWh,1,2015
Colombia,Net Electricity Production,2015-01-01,Wind,5.562,GWh,1,2015
Colombia,Net Electricity Production,2014-12-01,Hydro,4180.456,GWh,12,2014
Colombia,Net Electricity Production,2014-12-01,Combustible Renewables,112.405,GWh,12,2014
Colombia,Net Electricity Production,2014-12-01,Solar,0.878,GWh,12,2014
Colombia,Net Electricity Production,2014-12-01,Wind,5.174,GWh,12,2014
Colombia,Net Electricity Production,2014-11-01,Hydro,4197.121,GWh,11,2014
Colombia,Net Electricity Production,2014-11-01,Combustible Renewables,105.396,GWh,11,2014
Colombia,Net Electricity Production,2014-11-01,Solar,0.648,GWh,11,2014
Colombia,Net Electricity Production,2014-11-01,Wind,3.711,GWh,11,2014
Colombia,Net Electricity Production,2014-10-01,Hydro,4072.668,GWh,10,2014
Colombia,Net Electricity Production,2014-10-01,Combustible Renewables,110.778,GWh,10,2014
Colombia,Net Electricity Production,2014-10-01,Solar,0.688,GWh,10,2014
Colombia,Net Electricity Production,2014-10-01,Wind,3.704,GWh,10,2014
Colombia,Net Electricity Production,2014-09-01,Hydro,4165.149,GWh,9,2014
Colombia,Net Electricity Production,2014-09-01,Combustible Renewables,107.583,GWh,9,2014
Colombia,Net Electricity Production,2014-09-01,Solar,0.745,GWh,9,2014
Colombia,Net Electricity Production,2014-09-01,Wind,4.5,GWh,9,2014
Colombia,Net Electricity Production,2014-08-01,Hydro,4058.878,GWh,8,2014
Colombia,Net Electricity Production,2014-08-01,Combustible Renewables,110.397,GWh,8,2014
Colombia,Net Electricity Production,2014-08-01,Solar,0.75,GWh,8,2014
Colombia,Net Electricity Production,2014-08-01,Wind,5.438,GWh,8,2014
Colombia,Net Electricity Production,2014-07-01,Hydro,4105.318,GWh,7,2014
Colombia,Net Electricity Production,2014-07-01,Combustible Renewables,110.281,GWh,7,2014
Colombia,Net Electricity Production,2014-07-01,Solar,0.75,GWh,7,2014
Colombia,Net Electricity Production,2014-07-01,Wind,8.713,GWh,7,2014
Colombia,Net Electricity Production,2014-06-01,Hydro,3513.389,GWh,6,2014
Colombia,Net Electricity Production,2014-06-01,Combustible Renewables,110.987,GWh,6,2014
Colombia,Net Electricity Production,2014-06-01,Solar,0.697,GWh,6,2014
Colombia,Net Electricity Production,2014-06-01,Wind,8.085,GWh,6,2014
Colombia,Net Electricity Production,2014-05-01,Hydro,3632.958,GWh,5,2014
Colombia,Net Electricity Production,2014-05-01,Combustible Renewables,97.937,GWh,5,2014
Colombia,Net Electricity Production,2014-05-01,Solar,0.67,GWh,5,2014
Colombia,Net Electricity Production,2014-05-01,Wind,6.211,GWh,5,2014
Colombia,Net Electricity Production,2014-04-01,Hydro,3615.005,GWh,4,2014
Colombia,Net Electricity Production,2014-04-01,Combustible Renewables,98.824,GWh,4,2014
Colombia,Net Electricity Production,2014-04-01,Solar,0.56,GWh,4,2014
Colombia,Net Electricity Production,2014-04-01,Wind,6.694,GWh,4,2014
Colombia,Net Electricity Production,2014-03-01,Hydro,4205.913,GWh,3,2014
Colombia,Net Electricity Production,2014-03-01,Combustible Renewables,100.687,GWh,3,2014
Colombia,Net Electricity Production,2014-03-01,Solar,0.665,GWh,3,2014
Colombia,Net Electricity Production,2014-03-01,Wind,6.189,GWh,3,2014
Colombia,Net Electricity Production,2014-02-01,Hydro,3598.26,GWh,2,2014
Colombia,Net Electricity Production,2014-02-01,Combustible Renewables,99.097,GWh,2,2014
Colombia,Net Electricity Production,2014-02-01,Solar,0.831,GWh,2,2014
Colombia,Net Electricity Production,2014-02-01,Wind,5.415,GWh,2,2014
Colombia,Net Electricity Production,2014-01-01,Hydro,3903.977,GWh,1,2014
Colombia,Net Electricity Production,2014-01-01,Combustible Renewables,99.721,GWh,1,2014
Colombia,Net Electricity Production,2014-01-01,Solar,1.065,GWh,1,2014
Colombia,Net Electricity Production,2014-01-01,Wind,5.648,GWh,1,2014
