Country,Time,Balance,Product,Value,Unit,Month,Year
Colombia,2025-12-01,Net Electricity Production,Renovable,5530.6545,GWh,12,2025
Colombia,2025-12-01,Net Electricity Production,No Renovable,483.3555,GWh,12,2025
Colombia,2025-12-01,Net Electricity Production,No Renovable,287.5943,GWh,12,2025
Colombia,2025-12-01,Net Electricity Production,No Renovable,764.041,GWh,12,2025
Colombia,2025-12-01,Net Electricity Production,Renovable,229.6775,GWh,12,2025
Colombia,2025-12-01,Net Electricity Production,Renovable,479.8602,GWh,12,2025
Colombia,2025-12-01,Net Electricity Production,Renovable,19.7951,GWh,12,2025
Colombia,2025-11-01,Net Electricity Production,Renovable,5373.674,GWh,11,2025
Colombia,2025-11-01,Net Electricity Production,No Renovable,271.8022,GWh,11,2025
Colombia,2025-11-01,Net Electricity Production,No Renovable,264.3055,GWh,11,2025
Colombia,2025-11-01,Net Electricity Production,No Renovable,873.5987,GWh,11,2025
Colombia,2025-11-01,Net Electricity Production,Renovable,229.6524,GWh,11,2025
Colombia,2025-11-01,Net Electricity Production,Renovable,395.3523,GWh,11,2025
Colombia,2025-11-01,Net Electricity Production,Renovable,17.6558,GWh,11,2025
Colombia,2025-10-01,Net Electricity Production,Renovable,5653.8311,GWh,10,2025
Colombia,2025-10-01,Net Electricity Production,No Renovable,226.4676,GWh,10,2025
Colombia,2025-10-01,Net Electricity Production,No Renovable,258.6174,GWh,10,2025
Colombia,2025-10-01,Net Electricity Production,No Renovable,828.252,GWh,10,2025
Colombia,2025-10-01,Net Electricity Production,Renovable,229.6525,GWh,10,2025
Colombia,2025-10-01,Net Electricity Production,Renovable,430.3826,GWh,10,2025
Colombia,2025-10-01,Net Electricity Production,Renovable,5.7056,GWh,10,2025
Colombia,2025-09-01,Net Electricity Production,Renovable,5305.5058,GWh,9,2025
Colombia,2025-09-01,Net Electricity Production,No Renovable,418.4064,GWh,9,2025
Colombia,2025-09-01,Net Electricity Production,No Renovable,256.9304,GWh,9,2025
Colombia,2025-09-01,Net Electricity Production,No Renovable,912.7382,GWh,9,2025
Colombia,2025-09-01,Net Electricity Production,Renovable,229.6678,GWh,9,2025
Colombia,2025-09-01,Net Electricity Production,Renovable,416.133,GWh,9,2025
Colombia,2025-09-01,Net Electricity Production,Renovable,12.5053,GWh,9,2025
Colombia,2025-08-01,Net Electricity Production,Renovable,5518.1599,GWh,8,2025
Colombia,2025-08-01,Net Electricity Production,No Renovable,365.7318,GWh,8,2025
Colombia,2025-08-01,Net Electricity Production,No Renovable,255.6444,GWh,8,2025
Colombia,2025-08-01,Net Electricity Production,No Renovable,863.5921,GWh,8,2025
Colombia,2025-08-01,Net Electricity Production,Renovable,229.6652,GWh,8,2025
Colombia,2025-08-01,Net Electricity Production,Renovable,401.2606,GWh,8,2025
Colombia,2025-08-01,Net Electricity Production,Renovable,11.0819,GWh,8,2025
Colombia,2025-07-01,Net Electricity Production,Renovable,5692.3462,GWh,7,2025
Colombia,2025-07-01,Net Electricity Production,No Renovable,144.3021,GWh,7,2025
Colombia,2025-07-01,Net Electricity Production,No Renovable,256.5927,GWh,7,2025
Colombia,2025-07-01,Net Electricity Production,No Renovable,936.7228,GWh,7,2025
Colombia,2025-07-01,Net Electricity Production,Renovable,229.6602,GWh,7,2025
Colombia,2025-07-01,Net Electricity Production,Renovable,381.2928,GWh,7,2025
Colombia,2025-07-01,Net Electricity Production,Renovable,20.1082,GWh,7,2025
Colombia,2025-06-01,Net Electricity Production,Renovable,5304.9488,GWh,6,2025
Colombia,2025-06-01,Net Electricity Production,No Renovable,238.329,GWh,6,2025
Colombia,2025-06-01,Net Electricity Production,No Renovable,257.8631,GWh,6,2025
Colombia,2025-06-01,Net Electricity Production,No Renovable,850.2981,GWh,6,2025
Colombia,2025-06-01,Net Electricity Production,Renovable,229.6525,GWh,6,2025
Colombia,2025-06-01,Net Electricity Production,Renovable,336.6562,GWh,6,2025
Colombia,2025-06-01,Net Electricity Production,Renovable,17.5047,GWh,6,2025
Colombia,2025-05-01,Net Electricity Production,Renovable,5640.4324,GWh,5,2025
Colombia,2025-05-01,Net Electricity Production,No Renovable,227.3525,GWh,5,2025
Colombia,2025-05-01,Net Electricity Production,No Renovable,255.647,GWh,5,2025
Colombia,2025-05-01,Net Electricity Production,No Renovable,816.352,GWh,5,2025
Colombia,2025-05-01,Net Electricity Production,Renovable,229.6052,GWh,5,2025
Colombia,2025-05-01,Net Electricity Production,Renovable,345.8165,GWh,5,2025
Colombia,2025-05-01,Net Electricity Production,Renovable,14.618,GWh,5,2025
Colombia,2025-04-01,Net Electricity Production,Renovable,5260.3659,GWh,4,2025
Colombia,2025-04-01,Net Electricity Production,No Renovable,188.8897,GWh,4,2025
Colombia,2025-04-01,Net Electricity Production,No Renovable,258.6075,GWh,4,2025
Colombia,2025-04-01,Net Electricity Production,No Renovable,886.1482,GWh,4,2025
Colombia,2025-04-01,Net Electricity Production,Renovable,229.6317,GWh,4,2025
Colombia,2025-04-01,Net Electricity Production,Renovable,344.09,GWh,4,2025
Colombia,2025-04-01,Net Electricity Production,Renovable,15.6485,GWh,4,2025
Colombia,2025-03-01,Net Electricity Production,Renovable,5355.9222,GWh,3,2025
Colombia,2025-03-01,Net Electricity Production,No Renovable,313.394,GWh,3,2025
Colombia,2025-03-01,Net Electricity Production,No Renovable,255.6823,GWh,3,2025
Colombia,2025-03-01,Net Electricity Production,No Renovable,845.0972,GWh,3,2025
Colombia,2025-03-01,Net Electricity Production,Renovable,229.6571,GWh,3,2025
Colombia,2025-03-01,Net Electricity Production,Renovable,383.3876,GWh,3,2025
Colombia,2025-03-01,Net Electricity Production,Renovable,15.216,GWh,3,2025
Colombia,2025-02-01,Net Electricity Production,Renovable,4559.2153,GWh,2,2025
Colombia,2025-02-01,Net Electricity Production,No Renovable,721.4169,GWh,2,2025
Colombia,2025-02-01,Net Electricity Production,No Renovable,272.1735,GWh,2,2025
Colombia,2025-02-01,Net Electricity Production,No Renovable,801.0917,GWh,2,2025
Colombia,2025-02-01,Net Electricity Production,Renovable,229.6635,GWh,2,2025
Colombia,2025-02-01,Net Electricity Production,Renovable,335.9127,GWh,2,2025
Colombia,2025-02-01,Net Electricity Production,Renovable,14.9303,GWh,2,2025
Colombia,2025-01-01,Net Electricity Production,Renovable,4764.6816,GWh,1,2025
Colombia,2025-01-01,Net Electricity Production,No Renovable,940.0578,GWh,1,2025
Colombia,2025-01-01,Net Electricity Production,No Renovable,278.8603,GWh,1,2025
Colombia,2025-01-01,Net Electricity Production,No Renovable,984.2175,GWh,1,2025
Colombia,2025-01-01,Net Electricity Production,Renovable,229.6657,GWh,1,2025
Colombia,2025-01-01,Net Electricity Production,Renovable,379.5036,GWh,1,2025
Colombia,2025-01-01,Net Electricity Production,Renovable,14.3895,GWh,1,2025
Colombia,2024-12-01,Net Electricity Production,Renovable,4139.1389,GWh,12,2024
Colombia,2024-12-01,Net Electricity Production,No Renovable,1082.3086,GWh,12,2024
Colombia,2024-12-01,Net Electricity Production,No Renovable,291.5079,GWh,12,2024
Colombia,2024-12-01,Net Electricity Production,No Renovable,1531.866,GWh,12,2024
Colombia,2024-12-01,Net Electricity Production,Renovable,229.6733,GWh,12,2024
Colombia,2024-12-01,Net Electricity Production,Renovable,311.485,GWh,12,2024
Colombia,2024-12-01,Net Electricity Production,Renovable,11.2568,GWh,12,2024
Colombia,2024-11-01,Net Electricity Production,Renovable,4216.5231,GWh,11,2024
Colombia,2024-11-01,Net Electricity Production,No Renovable,887.042,GWh,11,2024
Colombia,2024-11-01,Net Electricity Production,No Renovable,303.1036,GWh,11,2024
Colombia,2024-11-01,Net Electricity Production,No Renovable,1256.5801,GWh,11,2024
Colombia,2024-11-01,Net Electricity Production,Renovable,229.6388,GWh,11,2024
Colombia,2024-11-01,Net Electricity Production,Renovable,279.3362,GWh,11,2024
Colombia,2024-11-01,Net Electricity Production,Renovable,3.2827,GWh,11,2024
Colombia,2024-10-01,Net Electricity Production,Renovable,3569.1598,GWh,10,2024
Colombia,2024-10-01,Net Electricity Production,No Renovable,940.2171,GWh,10,2024
Colombia,2024-10-01,Net Electricity Production,No Renovable,308.8923,GWh,10,2024
Colombia,2024-10-01,Net Electricity Production,No Renovable,1929.3473,GWh,10,2024
Colombia,2024-10-01,Net Electricity Production,Renovable,229.6647,GWh,10,2024
Colombia,2024-10-01,Net Electricity Production,Renovable,309.1557,GWh,10,2024
Colombia,2024-10-01,Net Electricity Production,Renovable,9.6473,GWh,10,2024
Colombia,2024-09-01,Net Electricity Production,Renovable,4178.6337,GWh,9,2024
Colombia,2024-09-01,Net Electricity Production,No Renovable,883.9912,GWh,9,2024
Colombia,2024-09-01,Net Electricity Production,No Renovable,293.2774,GWh,9,2024
Colombia,2024-09-01,Net Electricity Production,No Renovable,1604.8133,GWh,9,2024
Colombia,2024-09-01,Net Electricity Production,Renovable,229.6588,GWh,9,2024
Colombia,2024-09-01,Net Electricity Production,Renovable,303.0101,GWh,9,2024
Colombia,2024-09-01,Net Electricity Production,Renovable,9.8562,GWh,9,2024
Colombia,2024-08-01,Net Electricity Production,Renovable,4924.8719,GWh,8,2024
Colombia,2024-08-01,Net Electricity Production,No Renovable,864.1786,GWh,8,2024
Colombia,2024-08-01,Net Electricity Production,No Renovable,287.0231,GWh,8,2024
Colombia,2024-08-01,Net Electricity Production,No Renovable,1125.6944,GWh,8,2024
Colombia,2024-08-01,Net Electricity Production,Renovable,229.6585,GWh,8,2024
Colombia,2024-08-01,Net Electricity Production,Renovable,314.2221,GWh,8,2024
Colombia,2024-08-01,Net Electricity Production,Renovable,14.3683,GWh,8,2024
Colombia,2024-07-01,Net Electricity Production,Renovable,5144.4299,GWh,7,2024
Colombia,2024-07-01,Net Electricity Production,No Renovable,579.5324,GWh,7,2024
Colombia,2024-07-01,Net Electricity Production,No Renovable,286.2918,GWh,7,2024
Colombia,2024-07-01,Net Electricity Production,No Renovable,963.1421,GWh,7,2024
Colombia,2024-07-01,Net Electricity Production,Renovable,229.649,GWh,7,2024
Colombia,2024-07-01,Net Electricity Production,Renovable,296.1264,GWh,7,2024
Colombia,2024-07-01,Net Electricity Production,Renovable,19.4134,GWh,7,2024
Colombia,2024-06-01,Net Electricity Production,Renovable,4782.4425,GWh,6,2024
Colombia,2024-06-01,Net Electricity Production,No Renovable,672.3583,GWh,6,2024
Colombia,2024-06-01,Net Electricity Production,No Renovable,285.3431,GWh,6,2024
Colombia,2024-06-01,Net Electricity Production,No Renovable,864.7558,GWh,6,2024
Colombia,2024-06-01,Net Electricity Production,Renovable,229.6286,GWh,6,2024
Colombia,2024-06-01,Net Electricity Production,Renovable,263.9113,GWh,6,2024
Colombia,2024-06-01,Net Electricity Production,Renovable,14.9609,GWh,6,2024
Colombia,2024-05-01,Net Electricity Production,Renovable,5223.6676,GWh,5,2024
Colombia,2024-05-01,Net Electricity Production,No Renovable,599.7461,GWh,5,2024
Colombia,2024-05-01,Net Electricity Production,No Renovable,290.7191,GWh,5,2024
Colombia,2024-05-01,Net Electricity Production,No Renovable,900.9233,GWh,5,2024
Colombia,2024-05-01,Net Electricity Production,Renovable,229.5607,GWh,5,2024
Colombia,2024-05-01,Net Electricity Production,Renovable,269.1145,GWh,5,2024
Colombia,2024-05-01,Net Electricity Production,Renovable,16.6115,GWh,5,2024
Colombia,2024-04-01,Net Electricity Production,Renovable,3106.599,GWh,4,2024
Colombia,2024-04-01,Net Electricity Production,No Renovable,1101.4137,GWh,4,2024
Colombia,2024-04-01,Net Electricity Production,No Renovable,327.4347,GWh,4,2024
Colombia,2024-04-01,Net Electricity Production,No Renovable,1998.2449,GWh,4,2024
Colombia,2024-04-01,Net Electricity Production,Renovable,229.6449,GWh,4,2024
Colombia,2024-04-01,Net Electricity Production,Renovable,265.6866,GWh,4,2024
Colombia,2024-04-01,Net Electricity Production,Renovable,18.6368,GWh,4,2024
Colombia,2024-03-01,Net Electricity Production,Renovable,3727.789,GWh,3,2024
Colombia,2024-03-01,Net Electricity Production,No Renovable,1176.129,GWh,3,2024
Colombia,2024-03-01,Net Electricity Production,No Renovable,291.4895,GWh,3,2024
Colombia,2024-03-01,Net Electricity Production,No Renovable,1856.2124,GWh,3,2024
Colombia,2024-03-01,Net Electricity Production,Renovable,229.6675,GWh,3,2024
Colombia,2024-03-01,Net Electricity Production,Renovable,267.7339,GWh,3,2024
Colombia,2024-03-01,Net Electricity Production,Renovable,17.8152,GWh,3,2024
Colombia,2024-02-01,Net Electricity Production,Renovable,3911.5076,GWh,2,2024
Colombia,2024-02-01,Net Electricity Production,No Renovable,1026.3419,GWh,2,2024
Colombia,2024-02-01,Net Electricity Production,No Renovable,286.1179,GWh,2,2024
Colombia,2024-02-01,Net Electricity Production,No Renovable,1395.9662,GWh,2,2024
Colombia,2024-02-01,Net Electricity Production,Renovable,229.6585,GWh,2,2024
Colombia,2024-02-01,Net Electricity Production,Renovable,211.6858,GWh,2,2024
Colombia,2024-02-01,Net Electricity Production,Renovable,14.8381,GWh,2,2024
Colombia,2024-01-01,Net Electricity Production,Renovable,4256.9416,GWh,1,2024
Colombia,2024-01-01,Net Electricity Production,No Renovable,1010.9606,GWh,1,2024
Colombia,2024-01-01,Net Electricity Production,No Renovable,286.986,GWh,1,2024
Colombia,2024-01-01,Net Electricity Production,No Renovable,1389.1884,GWh,1,2024
Colombia,2024-01-01,Net Electricity Production,Renovable,229.6712,GWh,1,2024
Colombia,2024-01-01,Net Electricity Production,Renovable,232.0247,GWh,1,2024
Colombia,2024-01-01,Net Electricity Production,Renovable,21.4606,GWh,1,2024
Colombia,2023-12-01,Net Electricity Production,Renovable,3997.2548,GWh,12,2023
Colombia,2023-12-01,Net Electricity Production,No Renovable,1019.9179,GWh,12,2023
Colombia,2023-12-01,Net Electricity Production,No Renovable,351.5356,GWh,12,2023
Colombia,2023-12-01,Net Electricity Production,No Renovable,1699.74,GWh,12,2023
Colombia,2023-12-01,Net Electricity Production,Renovable,229.6561,GWh,12,2023
Colombia,2023-12-01,Net Electricity Production,Renovable,184.7202,GWh,12,2023
Colombia,2023-12-01,Net Electricity Production,Renovable,18.2423,GWh,12,2023
Colombia,2023-11-01,Net Electricity Production,Renovable,4731.5522,GWh,11,2023
Colombia,2023-11-01,Net Electricity Production,No Renovable,698.3487,GWh,11,2023
Colombia,2023-11-01,Net Electricity Production,No Renovable,402.1,GWh,11,2023
Colombia,2023-11-01,Net Electricity Production,No Renovable,1125.0726,GWh,11,2023
Colombia,2023-11-01,Net Electricity Production,Renovable,229.6141,GWh,11,2023
Colombia,2023-11-01,Net Electricity Production,Renovable,141.5167,GWh,11,2023
Colombia,2023-11-01,Net Electricity Production,Renovable,12.8395,GWh,11,2023
Colombia,2023-10-01,Net Electricity Production,Renovable,3978.6195,GWh,10,2023
Colombia,2023-10-01,Net Electricity Production,No Renovable,1030.4292,GWh,10,2023
Colombia,2023-10-01,Net Electricity Production,No Renovable,383.6879,GWh,10,2023
Colombia,2023-10-01,Net Electricity Production,No Renovable,1806.7697,GWh,10,2023
Colombia,2023-10-01,Net Electricity Production,Renovable,229.6463,GWh,10,2023
Colombia,2023-10-01,Net Electricity Production,Renovable,128.0474,GWh,10,2023
Colombia,2023-10-01,Net Electricity Production,Renovable,6.5504,GWh,10,2023
Colombia,2023-09-01,Net Electricity Production,Renovable,4217.9879,GWh,9,2023
Colombia,2023-09-01,Net Electricity Production,No Renovable,1048.2993,GWh,9,2023
Colombia,2023-09-01,Net Electricity Production,No Renovable,265.5629,GWh,9,2023
Colombia,2023-09-01,Net Electricity Production,No Renovable,1723.0792,GWh,9,2023
Colombia,2023-09-01,Net Electricity Production,Renovable,229.6585,GWh,9,2023
Colombia,2023-09-01,Net Electricity Production,Renovable,120.4759,GWh,9,2023
Colombia,2023-09-01,Net Electricity Production,Renovable,15.7748,GWh,9,2023
Colombia,2023-08-01,Net Electricity Production,Renovable,4872.3718,GWh,8,2023
Colombia,2023-08-01,Net Electricity Production,No Renovable,883.8706,GWh,8,2023
Colombia,2023-08-01,Net Electricity Production,No Renovable,270.4737,GWh,8,2023
Colombia,2023-08-01,Net Electricity Production,No Renovable,1089.5382,GWh,8,2023
Colombia,2023-08-01,Net Electricity Production,Renovable,229.661,GWh,8,2023
Colombia,2023-08-01,Net Electricity Production,Renovable,110.1372,GWh,8,2023
Colombia,2023-08-01,Net Electricity Production,Renovable,14.8918,GWh,8,2023
Colombia,2023-07-01,Net Electricity Production,Renovable,4598.5905,GWh,7,2023
Colombia,2023-07-01,Net Electricity Production,No Renovable,908.2154,GWh,7,2023
Colombia,2023-07-01,Net Electricity Production,No Renovable,258.5294,GWh,7,2023
Colombia,2023-07-01,Net Electricity Production,No Renovable,1026.0448,GWh,7,2023
Colombia,2023-07-01,Net Electricity Production,Renovable,229.6547,GWh,7,2023
Colombia,2023-07-01,Net Electricity Production,Renovable,97.6065,GWh,7,2023
Colombia,2023-07-01,Net Electricity Production,Renovable,22.2805,GWh,7,2023
Colombia,2023-06-01,Net Electricity Production,Renovable,4719.4757,GWh,6,2023
Colombia,2023-06-01,Net Electricity Production,No Renovable,639.6571,GWh,6,2023
Colombia,2023-06-01,Net Electricity Production,No Renovable,259.7839,GWh,6,2023
Colombia,2023-06-01,Net Electricity Production,No Renovable,996.8485,GWh,6,2023
Colombia,2023-06-01,Net Electricity Production,Renovable,229.6289,GWh,6,2023
Colombia,2023-06-01,Net Electricity Production,Renovable,81.818,GWh,6,2023
Colombia,2023-06-01,Net Electricity Production,Renovable,14.9477,GWh,6,2023
Colombia,2023-05-01,Net Electricity Production,Renovable,4822.5518,GWh,5,2023
Colombia,2023-05-01,Net Electricity Production,No Renovable,814.187,GWh,5,2023
Colombia,2023-05-01,Net Electricity Production,No Renovable,261.8032,GWh,5,2023
Colombia,2023-05-01,Net Electricity Production,No Renovable,1034.5646,GWh,5,2023
Colombia,2023-05-01,Net Electricity Production,Renovable,229.5873,GWh,5,2023
Colombia,2023-05-01,Net Electricity Production,Renovable,71.0354,GWh,5,2023
Colombia,2023-05-01,Net Electricity Production,Renovable,16.6686,GWh,5,2023
Colombia,2023-04-01,Net Electricity Production,Renovable,5186.2752,GWh,4,2023
Colombia,2023-04-01,Net Electricity Production,No Renovable,257.4142,GWh,4,2023
Colombia,2023-04-01,Net Electricity Production,No Renovable,261.9811,GWh,4,2023
Colombia,2023-04-01,Net Electricity Production,No Renovable,752.6144,GWh,4,2023
Colombia,2023-04-01,Net Electricity Production,Renovable,229.6256,GWh,4,2023
Colombia,2023-04-01,Net Electricity Production,Renovable,70.2518,GWh,4,2023
Colombia,2023-04-01,Net Electricity Production,Renovable,17.231,GWh,4,2023
Colombia,2023-03-01,Net Electricity Production,Renovable,5281.1886,GWh,3,2023
Colombia,2023-03-01,Net Electricity Production,No Renovable,335.0842,GWh,3,2023
Colombia,2023-03-01,Net Electricity Production,No Renovable,260.7683,GWh,3,2023
Colombia,2023-03-01,Net Electricity Production,No Renovable,863.2842,GWh,3,2023
Colombia,2023-03-01,Net Electricity Production,Renovable,229.6524,GWh,3,2023
Colombia,2023-03-01,Net Electricity Production,Renovable,67.3201,GWh,3,2023
Colombia,2023-03-01,Net Electricity Production,Renovable,20.8083,GWh,3,2023
Colombia,2023-02-01,Net Electricity Production,Renovable,4523.3454,GWh,2,2023
Colombia,2023-02-01,Net Electricity Production,No Renovable,681.5512,GWh,2,2023
Colombia,2023-02-01,Net Electricity Production,No Renovable,261.3236,GWh,2,2023
Colombia,2023-02-01,Net Electricity Production,No Renovable,915.9672,GWh,2,2023
Colombia,2023-02-01,Net Electricity Production,Renovable,229.6573,GWh,2,2023
Colombia,2023-02-01,Net Electricity Production,Renovable,67.1799,GWh,2,2023
Colombia,2023-02-01,Net Electricity Production,Renovable,18.9256,GWh,2,2023
Colombia,2023-01-01,Net Electricity Production,Renovable,5258.8446,GWh,1,2023
Colombia,2023-01-01,Net Electricity Production,No Renovable,454.2931,GWh,1,2023
Colombia,2023-01-01,Net Electricity Production,No Renovable,257.6907,GWh,1,2023
Colombia,2023-01-01,Net Electricity Production,No Renovable,849.2335,GWh,1,2023
Colombia,2023-01-01,Net Electricity Production,Renovable,229.6425,GWh,1,2023
Colombia,2023-01-01,Net Electricity Production,Renovable,65.2622,GWh,1,2023
Colombia,2023-01-01,Net Electricity Production,Renovable,18.2275,GWh,1,2023
Colombia,2022-12-01,Net Electricity Production,Renovable,5147.7353,GWh,12,2022
Colombia,2022-12-01,Net Electricity Production,No Renovable,662.3953,GWh,12,2022
Colombia,2022-12-01,Net Electricity Production,No Renovable,230.6511,GWh,12,2022
Colombia,2022-12-01,Net Electricity Production,No Renovable,926.1079,GWh,12,2022
Colombia,2022-12-01,Net Electricity Production,Renovable,189.3349,GWh,12,2022
Colombia,2022-12-01,Net Electricity Production,Renovable,74.2689,GWh,12,2022
Colombia,2022-12-01,Net Electricity Production,Renovable,5.0522,GWh,12,2022
Colombia,2022-11-01,Net Electricity Production,Renovable,5292.3537,GWh,11,2022
Colombia,2022-11-01,Net Electricity Production,No Renovable,199.2731,GWh,11,2022
Colombia,2022-11-01,Net Electricity Production,No Renovable,223.3874,GWh,11,2022
Colombia,2022-11-01,Net Electricity Production,No Renovable,951.3347,GWh,11,2022
Colombia,2022-11-01,Net Electricity Production,Renovable,189.3822,GWh,11,2022
Colombia,2022-11-01,Net Electricity Production,Renovable,53.7322,GWh,11,2022
Colombia,2022-11-01,Net Electricity Production,Renovable,2.8279,GWh,11,2022
Colombia,2022-10-01,Net Electricity Production,Renovable,5468.9071,GWh,10,2022
Colombia,2022-10-01,Net Electricity Production,No Renovable,255.9098,GWh,10,2022
Colombia,2022-10-01,Net Electricity Production,No Renovable,223.9899,GWh,10,2022
Colombia,2022-10-01,Net Electricity Production,No Renovable,906.6809,GWh,10,2022
Colombia,2022-10-01,Net Electricity Production,Renovable,189.386,GWh,10,2022
Colombia,2022-10-01,Net Electricity Production,Renovable,58.8239,GWh,10,2022
Colombia,2022-10-01,Net Electricity Production,Renovable,2.3254,GWh,10,2022
Colombia,2022-09-01,Net Electricity Production,Renovable,5142.3708,GWh,9,2022
Colombia,2022-09-01,Net Electricity Production,No Renovable,281.4839,GWh,9,2022
Colombia,2022-09-01,Net Electricity Production,No Renovable,226.4946,GWh,9,2022
Colombia,2022-09-01,Net Electricity Production,No Renovable,1016.5693,GWh,9,2022
Colombia,2022-09-01,Net Electricity Production,Renovable,189.4004,GWh,9,2022
Colombia,2022-09-01,Net Electricity Production,Renovable,54.3858,GWh,9,2022
Colombia,2022-09-01,Net Electricity Production,Renovable,2.0778,GWh,9,2022
Colombia,2022-08-01,Net Electricity Production,Renovable,5325.9442,GWh,8,2022
Colombia,2022-08-01,Net Electricity Production,No Renovable,205.4834,GWh,8,2022
Colombia,2022-08-01,Net Electricity Production,No Renovable,224.6818,GWh,8,2022
Colombia,2022-08-01,Net Electricity Production,No Renovable,1066.6291,GWh,8,2022
Colombia,2022-08-01,Net Electricity Production,Renovable,189.4234,GWh,8,2022
Colombia,2022-08-01,Net Electricity Production,Renovable,49.23,GWh,8,2022
Colombia,2022-08-01,Net Electricity Production,Renovable,6.405,GWh,8,2022
Colombia,2022-07-01,Net Electricity Production,Renovable,5187.1428,GWh,7,2022
Colombia,2022-07-01,Net Electricity Production,No Renovable,203.1518,GWh,7,2022
Colombia,2022-07-01,Net Electricity Production,No Renovable,231.1412,GWh,7,2022
Colombia,2022-07-01,Net Electricity Production,No Renovable,1168.8562,GWh,7,2022
Colombia,2022-07-01,Net Electricity Production,Renovable,189.3259,GWh,7,2022
Colombia,2022-07-01,Net Electricity Production,Renovable,38.0352,GWh,7,2022
Colombia,2022-07-01,Net Electricity Production,Renovable,8.9119,GWh,7,2022
Colombia,2022-06-01,Net Electricity Production,Renovable,4960.1773,GWh,6,2022
Colombia,2022-06-01,Net Electricity Production,No Renovable,252.2256,GWh,6,2022
Colombia,2022-06-01,Net Electricity Production,No Renovable,227.6542,GWh,6,2022
Colombia,2022-06-01,Net Electricity Production,No Renovable,1052.7024,GWh,6,2022
Colombia,2022-06-01,Net Electricity Production,Renovable,189.3743,GWh,6,2022
Colombia,2022-06-01,Net Electricity Production,Renovable,27.2161,GWh,6,2022
Colombia,2022-06-01,Net Electricity Production,Renovable,7.2373,GWh,6,2022
Colombia,2022-05-01,Net Electricity Production,Renovable,5260.0351,GWh,5,2022
Colombia,2022-05-01,Net Electricity Production,No Renovable,253.0022,GWh,5,2022
Colombia,2022-05-01,Net Electricity Production,No Renovable,232.9971,GWh,5,2022
Colombia,2022-05-01,Net Electricity Production,No Renovable,1092.8906,GWh,5,2022
Colombia,2022-05-01,Net Electricity Production,Renovable,189.392,GWh,5,2022
Colombia,2022-05-01,Net Electricity Production,Renovable,27.0996,GWh,5,2022
Colombia,2022-05-01,Net Electricity Production,Renovable,6.1417,GWh,5,2022
Colombia,2022-04-01,Net Electricity Production,Renovable,4968.9221,GWh,4,2022
Colombia,2022-04-01,Net Electricity Production,No Renovable,281.0259,GWh,4,2022
Colombia,2022-04-01,Net Electricity Production,No Renovable,229.9824,GWh,4,2022
Colombia,2022-04-01,Net Electricity Production,No Renovable,1050.3847,GWh,4,2022
Colombia,2022-04-01,Net Electricity Production,Renovable,189.3624,GWh,4,2022
Colombia,2022-04-01,Net Electricity Production,Renovable,28.2295,GWh,4,2022
Colombia,2022-04-01,Net Electricity Production,Renovable,6.7983,GWh,4,2022
Colombia,2022-03-01,Net Electricity Production,Renovable,5067.6348,GWh,3,2022
Colombia,2022-03-01,Net Electricity Production,No Renovable,324.9951,GWh,3,2022
Colombia,2022-03-01,Net Electricity Production,No Renovable,227.3206,GWh,3,2022
Colombia,2022-03-01,Net Electricity Production,No Renovable,1127.483,GWh,3,2022
Colombia,2022-03-01,Net Electricity Production,Renovable,189.3423,GWh,3,2022
Colombia,2022-03-01,Net Electricity Production,Renovable,30.253,GWh,3,2022
Colombia,2022-03-01,Net Electricity Production,Renovable,9.5764,GWh,3,2022
Colombia,2022-02-01,Net Electricity Production,Renovable,4109.8795,GWh,2,2022
Colombia,2022-02-01,Net Electricity Production,No Renovable,1035.3235,GWh,2,2022
Colombia,2022-02-01,Net Electricity Production,No Renovable,224.6125,GWh,2,2022
Colombia,2022-02-01,Net Electricity Production,No Renovable,1067.7363,GWh,2,2022
Colombia,2022-02-01,Net Electricity Production,Renovable,189.3414,GWh,2,2022
Colombia,2022-02-01,Net Electricity Production,No Renovable,0.0,GWh,2,2022
Colombia,2022-02-01,Net Electricity Production,Renovable,27.0547,GWh,2,2022
Colombia,2022-02-01,Net Electricity Production,Renovable,7.4621,GWh,2,2022
Colombia,2022-01-01,Net Electricity Production,Renovable,4496.8262,GWh,1,2022
Colombia,2022-01-01,Net Electricity Production,No Renovable,1054.1495,GWh,1,2022
Colombia,2022-01-01,Net Electricity Production,No Renovable,223.5386,GWh,1,2022
Colombia,2022-01-01,Net Electricity Production,No Renovable,1028.4826,GWh,1,2022
Colombia,2022-01-01,Net Electricity Production,Renovable,189.4316,GWh,1,2022
Colombia,2022-01-01,Net Electricity Production,No Renovable,0.0,GWh,1,2022
Colombia,2022-01-01,Net Electricity Production,Renovable,34.2781,GWh,1,2022
Colombia,2022-01-01,Net Electricity Production,Renovable,7.3079,GWh,1,2022
Colombia,2021-12-01,Net Electricity Production,No Renovable,0.0,GWh,12,2021
Colombia,2021-12-01,Net Electricity Production,Renovable,4818.5864,GWh,12,2021
Colombia,2021-12-01,Net Electricity Production,No Renovable,667.4718,GWh,12,2021
Colombia,2021-12-01,Net Electricity Production,No Renovable,235.5352,GWh,12,2021
Colombia,2021-12-01,Net Electricity Production,No Renovable,941.8474,GWh,12,2021
Colombia,2021-12-01,Net Electricity Production,Renovable,183.6932,GWh,12,2021
Colombia,2021-12-01,Net Electricity Production,No Renovable,0.0,GWh,12,2021
Colombia,2021-12-01,Net Electricity Production,Renovable,0.0,GWh,12,2021
Colombia,2021-12-01,Net Electricity Production,Renovable,38.428,GWh,12,2021
Colombia,2021-12-01,Net Electricity Production,Renovable,0.0,GWh,12,2021
Colombia,2021-12-01,Net Electricity Production,Renovable,4.6262,GWh,12,2021
Colombia,2021-11-01,Net Electricity Production,No Renovable,0.0,GWh,11,2021
Colombia,2021-11-01,Net Electricity Production,Renovable,5328.5478,GWh,11,2021
Colombia,2021-11-01,Net Electricity Production,No Renovable,194.2761,GWh,11,2021
Colombia,2021-11-01,Net Electricity Production,No Renovable,226.1981,GWh,11,2021
Colombia,2021-11-01,Net Electricity Production,No Renovable,897.2188,GWh,11,2021
Colombia,2021-11-01,Net Electricity Production,Renovable,183.5788,GWh,11,2021
Colombia,2021-11-01,Net Electricity Production,No Renovable,0.0,GWh,11,2021
Colombia,2021-11-01,Net Electricity Production,Renovable,0.0,GWh,11,2021
Colombia,2021-11-01,Net Electricity Production,Renovable,35.8733,GWh,11,2021
Colombia,2021-11-01,Net Electricity Production,Renovable,0.0,GWh,11,2021
Colombia,2021-11-01,Net Electricity Production,Renovable,3.1705,GWh,11,2021
Colombia,2021-10-01,Net Electricity Production,No Renovable,0.0,GWh,10,2021
Colombia,2021-10-01,Net Electricity Production,Renovable,5580.5925,GWh,10,2021
Colombia,2021-10-01,Net Electricity Production,No Renovable,232.7533,GWh,10,2021
Colombia,2021-10-01,Net Electricity Production,No Renovable,235.4176,GWh,10,2021
Colombia,2021-10-01,Net Electricity Production,No Renovable,920.0408,GWh,10,2021
Colombia,2021-10-01,Net Electricity Production,Renovable,183.638,GWh,10,2021
Colombia,2021-10-01,Net Electricity Production,No Renovable,0.0,GWh,10,2021
Colombia,2021-10-01,Net Electricity Production,Renovable,0.0,GWh,10,2021
Colombia,2021-10-01,Net Electricity Production,Renovable,33.5293,GWh,10,2021
Colombia,2021-10-01,Net Electricity Production,Renovable,0.0,GWh,10,2021
Colombia,2021-10-01,Net Electricity Production,Renovable,2.6408,GWh,10,2021
Colombia,2021-09-01,Net Electricity Production,No Renovable,0.0,GWh,9,2021
Colombia,2021-09-01,Net Electricity Production,Renovable,5498.7174,GWh,9,2021
Colombia,2021-09-01,Net Electricity Production,No Renovable,210.3312,GWh,9,2021
Colombia,2021-09-01,Net Electricity Production,No Renovable,232.4024,GWh,9,2021
Colombia,2021-09-01,Net Electricity Production,No Renovable,888.4993,GWh,9,2021
Colombia,2021-09-01,Net Electricity Production,Renovable,183.6023,GWh,9,2021
Colombia,2021-09-01,Net Electricity Production,No Renovable,0.0,GWh,9,2021
Colombia,2021-09-01,Net Electricity Production,Renovable,0.0,GWh,9,2021
Colombia,2021-09-01,Net Electricity Production,Renovable,29.5789,GWh,9,2021
Colombia,2021-09-01,Net Electricity Production,Renovable,0.0,GWh,9,2021
Colombia,2021-09-01,Net Electricity Production,Renovable,3.8554,GWh,9,2021
Colombia,2021-08-01,Net Electricity Production,No Renovable,0.0,GWh,8,2021
Colombia,2021-08-01,Net Electricity Production,Renovable,5351.4869,GWh,8,2021
Colombia,2021-08-01,Net Electricity Production,No Renovable,216.4149,GWh,8,2021
Colombia,2021-08-01,Net Electricity Production,No Renovable,226.3071,GWh,8,2021
Colombia,2021-08-01,Net Electricity Production,No Renovable,912.7994,GWh,8,2021
Colombia,2021-08-01,Net Electricity Production,Renovable,183.5849,GWh,8,2021
Colombia,2021-08-01,Net Electricity Production,No Renovable,0.0,GWh,8,2021
Colombia,2021-08-01,Net Electricity Production,Renovable,0.0,GWh,8,2021
Colombia,2021-08-01,Net Electricity Production,Renovable,25.6596,GWh,8,2021
Colombia,2021-08-01,Net Electricity Production,Renovable,0.0,GWh,8,2021
Colombia,2021-08-01,Net Electricity Production,Renovable,4.4381,GWh,8,2021
Colombia,2021-07-01,Net Electricity Production,No Renovable,0.0,GWh,7,2021
Colombia,2021-07-01,Net Electricity Production,Renovable,5332.3929,GWh,7,2021
Colombia,2021-07-01,Net Electricity Production,No Renovable,221.4548,GWh,7,2021
Colombia,2021-07-01,Net Electricity Production,No Renovable,235.6258,GWh,7,2021
Colombia,2021-07-01,Net Electricity Production,No Renovable,926.7877,GWh,7,2021
Colombia,2021-07-01,Net Electricity Production,Renovable,183.59,GWh,7,2021
Colombia,2021-07-01,Net Electricity Production,No Renovable,0.0,GWh,7,2021
Colombia,2021-07-01,Net Electricity Production,Renovable,0.0,GWh,7,2021
Colombia,2021-07-01,Net Electricity Production,Renovable,21.8151,GWh,7,2021
Colombia,2021-07-01,Net Electricity Production,Renovable,0.0,GWh,7,2021
Colombia,2021-07-01,Net Electricity Production,Renovable,6.1194,GWh,7,2021
Colombia,2021-06-01,Net Electricity Production,No Renovable,0.0,GWh,6,2021
Colombia,2021-06-01,Net Electricity Production,Renovable,5092.7922,GWh,6,2021
Colombia,2021-06-01,Net Electricity Production,No Renovable,167.1735,GWh,6,2021
Colombia,2021-06-01,Net Electricity Production,No Renovable,229.3478,GWh,6,2021
Colombia,2021-06-01,Net Electricity Production,No Renovable,879.1434,GWh,6,2021
Colombia,2021-06-01,Net Electricity Production,Renovable,183.5932,GWh,6,2021
Colombia,2021-06-01,Net Electricity Production,No Renovable,0.0,GWh,6,2021
Colombia,2021-06-01,Net Electricity Production,Renovable,0.0,GWh,6,2021
Colombia,2021-06-01,Net Electricity Production,Renovable,22.3516,GWh,6,2021
Colombia,2021-06-01,Net Electricity Production,Renovable,0.0,GWh,6,2021
Colombia,2021-06-01,Net Electricity Production,Renovable,6.0067,GWh,6,2021
Colombia,2021-05-01,Net Electricity Production,No Renovable,0.0,GWh,5,2021
Colombia,2021-05-01,Net Electricity Production,Renovable,5137.0145,GWh,5,2021
Colombia,2021-05-01,Net Electricity Production,No Renovable,257.0017,GWh,5,2021
Colombia,2021-05-01,Net Electricity Production,No Renovable,225.3937,GWh,5,2021
Colombia,2021-05-01,Net Electricity Production,No Renovable,785.7721,GWh,5,2021
Colombia,2021-05-01,Net Electricity Production,Renovable,183.6919,GWh,5,2021
Colombia,2021-05-01,Net Electricity Production,No Renovable,0.0,GWh,5,2021
Colombia,2021-05-01,Net Electricity Production,Renovable,0.0,GWh,5,2021
Colombia,2021-05-01,Net Electricity Production,Renovable,22.0532,GWh,5,2021
Colombia,2021-05-01,Net Electricity Production,Renovable,0.0,GWh,5,2021
Colombia,2021-05-01,Net Electricity Production,Renovable,6.9922,GWh,5,2021
Colombia,2021-04-01,Net Electricity Production,No Renovable,0.0,GWh,4,2021
Colombia,2021-04-01,Net Electricity Production,Renovable,4762.4764,GWh,4,2021
Colombia,2021-04-01,Net Electricity Production,No Renovable,384.7232,GWh,4,2021
Colombia,2021-04-01,Net Electricity Production,No Renovable,228.3551,GWh,4,2021
Colombia,2021-04-01,Net Electricity Production,No Renovable,813.57,GWh,4,2021
Colombia,2021-04-01,Net Electricity Production,Renovable,183.6116,GWh,4,2021
Colombia,2021-04-01,Net Electricity Production,No Renovable,0.0,GWh,4,2021
Colombia,2021-04-01,Net Electricity Production,Renovable,0.0,GWh,4,2021
Colombia,2021-04-01,Net Electricity Production,Renovable,22.8164,GWh,4,2021
Colombia,2021-04-01,Net Electricity Production,Renovable,0.0,GWh,4,2021
Colombia,2021-04-01,Net Electricity Production,Renovable,6.3398,GWh,4,2021
Colombia,2021-03-01,Net Electricity Production,No Renovable,0.0,GWh,3,2021
Colombia,2021-03-01,Net Electricity Production,Renovable,4825.0188,GWh,3,2021
Colombia,2021-03-01,Net Electricity Production,No Renovable,460.1559,GWh,3,2021
Colombia,2021-03-01,Net Electricity Production,No Renovable,226.1983,GWh,3,2021
Colombia,2021-03-01,Net Electricity Production,No Renovable,906.5382,GWh,3,2021
Colombia,2021-03-01,Net Electricity Production,Renovable,183.6168,GWh,3,2021
Colombia,2021-03-01,Net Electricity Production,No Renovable,0.0,GWh,3,2021
Colombia,2021-03-01,Net Electricity Production,Renovable,0.0,GWh,3,2021
Colombia,2021-03-01,Net Electricity Production,Renovable,24.0222,GWh,3,2021
Colombia,2021-03-01,Net Electricity Production,Renovable,0.0,GWh,3,2021
Colombia,2021-03-01,Net Electricity Production,Renovable,6.2167,GWh,3,2021
Colombia,2021-02-01,Net Electricity Production,No Renovable,0.0,GWh,2,2021
Colombia,2021-02-01,Net Electricity Production,Renovable,3993.4059,GWh,2,2021
Colombia,2021-02-01,Net Electricity Production,No Renovable,869.2165,GWh,2,2021
Colombia,2021-02-01,Net Electricity Production,No Renovable,226.1742,GWh,2,2021
Colombia,2021-02-01,Net Electricity Production,No Renovable,944.6924,GWh,2,2021
Colombia,2021-02-01,Net Electricity Production,Renovable,183.5855,GWh,2,2021
Colombia,2021-02-01,Net Electricity Production,No Renovable,0.0,GWh,2,2021
Colombia,2021-02-01,Net Electricity Production,Renovable,0.0,GWh,2,2021
Colombia,2021-02-01,Net Electricity Production,Renovable,22.7534,GWh,2,2021
Colombia,2021-02-01,Net Electricity Production,Renovable,0.0,GWh,2,2021
Colombia,2021-02-01,Net Electricity Production,Renovable,5.6824,GWh,2,2021
Colombia,2021-01-01,Net Electricity Production,No Renovable,0.0,GWh,1,2021
Colombia,2021-01-01,Net Electricity Production,Renovable,4575.2275,GWh,1,2021
Colombia,2021-01-01,Net Electricity Production,No Renovable,565.7028,GWh,1,2021
Colombia,2021-01-01,Net Electricity Production,No Renovable,231.2305,GWh,1,2021
Colombia,2021-01-01,Net Electricity Production,No Renovable,926.5313,GWh,1,2021
Colombia,2021-01-01,Net Electricity Production,Renovable,183.5816,GWh,1,2021
Colombia,2021-01-01,Net Electricity Production,No Renovable,0.0,GWh,1,2021
Colombia,2021-01-01,Net Electricity Production,Renovable,0.0,GWh,1,2021
Colombia,2021-01-01,Net Electricity Production,Renovable,24.136,GWh,1,2021
Colombia,2021-01-01,Net Electricity Production,Renovable,0.0,GWh,1,2021
Colombia,2021-01-01,Net Electricity Production,Renovable,4.3738,GWh,1,2021
Colombia,2020-12-01,Net Electricity Production,No Renovable,0.0,GWh,12,2020
Colombia,2020-12-01,Net Electricity Production,Renovable,4669.5601,GWh,12,2020
Colombia,2020-12-01,Net Electricity Production,No Renovable,556.4019,GWh,12,2020
Colombia,2020-12-01,Net Electricity Production,No Renovable,212.992,GWh,12,2020
Colombia,2020-12-01,Net Electricity Production,No Renovable,1125.255,GWh,12,2020
Colombia,2020-12-01,Net Electricity Production,Renovable,173.7709,GWh,12,2020
Colombia,2020-12-01,Net Electricity Production,No Renovable,0.0,GWh,12,2020
Colombia,2020-12-01,Net Electricity Production,Renovable,0.0,GWh,12,2020
Colombia,2020-12-01,Net Electricity Production,Renovable,23.4687,GWh,12,2020
Colombia,2020-12-01,Net Electricity Production,Renovable,0.0,GWh,12,2020
Colombia,2020-12-01,Net Electricity Production,Renovable,3.2991,GWh,12,2020
Colombia,2020-11-01,Net Electricity Production,No Renovable,0.0,GWh,11,2020
Colombia,2020-11-01,Net Electricity Production,Renovable,4698.9114,GWh,11,2020
Colombia,2020-11-01,Net Electricity Production,No Renovable,524.5725,GWh,11,2020
Colombia,2020-11-01,Net Electricity Production,No Renovable,212.8485,GWh,11,2020
Colombia,2020-11-01,Net Electricity Production,No Renovable,1105.7642,GWh,11,2020
Colombia,2020-11-01,Net Electricity Production,Renovable,173.7685,GWh,11,2020
Colombia,2020-11-01,Net Electricity Production,No Renovable,0.0,GWh,11,2020
Colombia,2020-11-01,Net Electricity Production,Renovable,0.0,GWh,11,2020
Colombia,2020-11-01,Net Electricity Production,Renovable,15.9471,GWh,11,2020
Colombia,2020-11-01,Net Electricity Production,Renovable,0.0,GWh,11,2020
Colombia,2020-11-01,Net Electricity Production,Renovable,1.2735,GWh,11,2020
Colombia,2020-10-01,Net Electricity Production,No Renovable,0.0,GWh,10,2020
Colombia,2020-10-01,Net Electricity Production,Renovable,4525.4725,GWh,10,2020
Colombia,2020-10-01,Net Electricity Production,No Renovable,709.6669,GWh,10,2020
Colombia,2020-10-01,Net Electricity Production,No Renovable,211.9985,GWh,10,2020
Colombia,2020-10-01,Net Electricity Production,No Renovable,1123.9861,GWh,10,2020
Colombia,2020-10-01,Net Electricity Production,Renovable,173.7702,GWh,10,2020
Colombia,2020-10-01,Net Electricity Production,No Renovable,0.0,GWh,10,2020
Colombia,2020-10-01,Net Electricity Production,Renovable,0.0,GWh,10,2020
Colombia,2020-10-01,Net Electricity Production,Renovable,17.2026,GWh,10,2020
Colombia,2020-10-01,Net Electricity Production,Renovable,0.0,GWh,10,2020
Colombia,2020-10-01,Net Electricity Production,Renovable,1.3912,GWh,10,2020
Colombia,2020-09-01,Net Electricity Production,No Renovable,0.0,GWh,9,2020
Colombia,2020-09-01,Net Electricity Production,Renovable,4344.2693,GWh,9,2020
Colombia,2020-09-01,Net Electricity Production,No Renovable,561.4994,GWh,9,2020
Colombia,2020-09-01,Net Electricity Production,No Renovable,213.5332,GWh,9,2020
Colombia,2020-09-01,Net Electricity Production,No Renovable,1200.5624,GWh,9,2020
Colombia,2020-09-01,Net Electricity Production,Renovable,173.77,GWh,9,2020
Colombia,2020-09-01,Net Electricity Production,No Renovable,0.0,GWh,9,2020
Colombia,2020-09-01,Net Electricity Production,Renovable,0.0,GWh,9,2020
Colombia,2020-09-01,Net Electricity Production,Renovable,16.799,GWh,9,2020
Colombia,2020-09-01,Net Electricity Production,Renovable,0.0,GWh,9,2020
Colombia,2020-09-01,Net Electricity Production,Renovable,1.3966,GWh,9,2020
Colombia,2020-08-01,Net Electricity Production,No Renovable,0.0,GWh,8,2020
Colombia,2020-08-01,Net Electricity Production,Renovable,4564.7455,GWh,8,2020
Colombia,2020-08-01,Net Electricity Production,No Renovable,465.9642,GWh,8,2020
Colombia,2020-08-01,Net Electricity Production,No Renovable,210.0102,GWh,8,2020
Colombia,2020-08-01,Net Electricity Production,No Renovable,1063.1124,GWh,8,2020
Colombia,2020-08-01,Net Electricity Production,Renovable,173.7704,GWh,8,2020
Colombia,2020-08-01,Net Electricity Production,No Renovable,0.0,GWh,8,2020
Colombia,2020-08-01,Net Electricity Production,Renovable,0.0,GWh,8,2020
Colombia,2020-08-01,Net Electricity Production,Renovable,14.5819,GWh,8,2020
Colombia,2020-08-01,Net Electricity Production,Renovable,0.0,GWh,8,2020
Colombia,2020-08-01,Net Electricity Production,Renovable,1.9438,GWh,8,2020
Colombia,2020-07-01,Net Electricity Production,No Renovable,0.0,GWh,7,2020
Colombia,2020-07-01,Net Electricity Production,Renovable,4539.0598,GWh,7,2020
Colombia,2020-07-01,Net Electricity Production,No Renovable,468.794,GWh,7,2020
Colombia,2020-07-01,Net Electricity Production,No Renovable,210.0085,GWh,7,2020
Colombia,2020-07-01,Net Electricity Production,No Renovable,952.367,GWh,7,2020
Colombia,2020-07-01,Net Electricity Production,Renovable,173.7704,GWh,7,2020
Colombia,2020-07-01,Net Electricity Production,No Renovable,0.0,GWh,7,2020
Colombia,2020-07-01,Net Electricity Production,Renovable,0.0,GWh,7,2020
Colombia,2020-07-01,Net Electricity Production,Renovable,14.5587,GWh,7,2020
Colombia,2020-07-01,Net Electricity Production,Renovable,0.0,GWh,7,2020
Colombia,2020-07-01,Net Electricity Production,Renovable,0.0055,GWh,7,2020
Colombia,2020-06-01,Net Electricity Production,No Renovable,0.0,GWh,6,2020
Colombia,2020-06-01,Net Electricity Production,Renovable,3340.1844,GWh,6,2020
Colombia,2020-06-01,Net Electricity Production,No Renovable,894.4178,GWh,6,2020
Colombia,2020-06-01,Net Electricity Production,No Renovable,211.4782,GWh,6,2020
Colombia,2020-06-01,Net Electricity Production,No Renovable,1363.9761,GWh,6,2020
Colombia,2020-06-01,Net Electricity Production,Renovable,173.7699,GWh,6,2020
Colombia,2020-06-01,Net Electricity Production,No Renovable,0.0,GWh,6,2020
Colombia,2020-06-01,Net Electricity Production,Renovable,0.0,GWh,6,2020
Colombia,2020-06-01,Net Electricity Production,Renovable,14.0645,GWh,6,2020
Colombia,2020-06-01,Net Electricity Production,Renovable,0.0,GWh,6,2020
Colombia,2020-06-01,Net Electricity Production,Renovable,0.0,GWh,6,2020
Colombia,2020-05-01,Net Electricity Production,No Renovable,0.0,GWh,5,2020
Colombia,2020-05-01,Net Electricity Production,Renovable,3292.8169,GWh,5,2020
Colombia,2020-05-01,Net Electricity Production,No Renovable,1010.6799,GWh,5,2020
Colombia,2020-05-01,Net Electricity Production,No Renovable,214.1326,GWh,5,2020
Colombia,2020-05-01,Net Electricity Production,No Renovable,1384.2561,GWh,5,2020
Colombia,2020-05-01,Net Electricity Production,Renovable,173.7686,GWh,5,2020
Colombia,2020-05-01,Net Electricity Production,No Renovable,0.0,GWh,5,2020
Colombia,2020-05-01,Net Electricity Production,Renovable,0.0,GWh,5,2020
Colombia,2020-05-01,Net Electricity Production,Renovable,15.3801,GWh,5,2020
Colombia,2020-05-01,Net Electricity Production,Renovable,0.0,GWh,5,2020
Colombia,2020-05-01,Net Electricity Production,Renovable,0.0,GWh,5,2020
Colombia,2020-04-01,Net Electricity Production,No Renovable,0.0,GWh,4,2020
Colombia,2020-04-01,Net Electricity Production,Renovable,3362.9603,GWh,4,2020
Colombia,2020-04-01,Net Electricity Production,No Renovable,887.4217,GWh,4,2020
Colombia,2020-04-01,Net Electricity Production,No Renovable,216.05,GWh,4,2020
Colombia,2020-04-01,Net Electricity Production,No Renovable,1023.5144,GWh,4,2020
Colombia,2020-04-01,Net Electricity Production,Renovable,173.7692,GWh,4,2020
Colombia,2020-04-01,Net Electricity Production,No Renovable,0.0,GWh,4,2020
Colombia,2020-04-01,Net Electricity Production,Renovable,0.0,GWh,4,2020
Colombia,2020-04-01,Net Electricity Production,Renovable,15.0527,GWh,4,2020
Colombia,2020-04-01,Net Electricity Production,Renovable,0.0,GWh,4,2020
Colombia,2020-04-01,Net Electricity Production,Renovable,0.0,GWh,4,2020
Colombia,2020-03-01,Net Electricity Production,No Renovable,0.0,GWh,3,2020
Colombia,2020-03-01,Net Electricity Production,Renovable,3679.0366,GWh,3,2020
Colombia,2020-03-01,Net Electricity Production,No Renovable,1020.5536,GWh,3,2020
Colombia,2020-03-01,Net Electricity Production,No Renovable,210.8643,GWh,3,2020
Colombia,2020-03-01,Net Electricity Production,No Renovable,1467.4252,GWh,3,2020
Colombia,2020-03-01,Net Electricity Production,Renovable,173.7703,GWh,3,2020
Colombia,2020-03-01,Net Electricity Production,No Renovable,0.0,GWh,3,2020
Colombia,2020-03-01,Net Electricity Production,Renovable,0.0,GWh,3,2020
Colombia,2020-03-01,Net Electricity Production,Renovable,16.2958,GWh,3,2020
Colombia,2020-03-01,Net Electricity Production,Renovable,0.0,GWh,3,2020
Colombia,2020-03-01,Net Electricity Production,Renovable,0.0,GWh,3,2020
Colombia,2020-02-01,Net Electricity Production,No Renovable,0.0,GWh,2,2020
Colombia,2020-02-01,Net Electricity Production,Renovable,3452.5597,GWh,2,2020
Colombia,2020-02-01,Net Electricity Production,No Renovable,1054.9824,GWh,2,2020
Colombia,2020-02-01,Net Electricity Production,No Renovable,214.6861,GWh,2,2020
Colombia,2020-02-01,Net Electricity Production,No Renovable,1597.1454,GWh,2,2020
Colombia,2020-02-01,Net Electricity Production,Renovable,173.7708,GWh,2,2020
Colombia,2020-02-01,Net Electricity Production,No Renovable,0.0,GWh,2,2020
Colombia,2020-02-01,Net Electricity Production,Renovable,0.0,GWh,2,2020
Colombia,2020-02-01,Net Electricity Production,Renovable,15.6607,GWh,2,2020
Colombia,2020-02-01,Net Electricity Production,Renovable,0.0,GWh,2,2020
Colombia,2020-02-01,Net Electricity Production,Renovable,0.0,GWh,2,2020
Colombia,2020-01-01,Net Electricity Production,No Renovable,0.0,GWh,1,2020
Colombia,2020-01-01,Net Electricity Production,Renovable,3910.4444,GWh,1,2020
Colombia,2020-01-01,Net Electricity Production,No Renovable,967.4957,GWh,1,2020
Colombia,2020-01-01,Net Electricity Production,No Renovable,211.5801,GWh,1,2020
Colombia,2020-01-01,Net Electricity Production,No Renovable,1337.4827,GWh,1,2020
Colombia,2020-01-01,Net Electricity Production,Renovable,173.7709,GWh,1,2020
Colombia,2020-01-01,Net Electricity Production,No Renovable,0.0,GWh,1,2020
Colombia,2020-01-01,Net Electricity Production,Renovable,0.0,GWh,1,2020
Colombia,2020-01-01,Net Electricity Production,Renovable,15.9132,GWh,1,2020
Colombia,2020-01-01,Net Electricity Production,Renovable,0.0,GWh,1,2020
Colombia,2020-01-01,Net Electricity Production,Renovable,0.5113,GWh,1,2020
Colombia,2019-12-01,Net Electricity Production,No Renovable,0.0,GWh,12,2019
Colombia,2019-12-01,Net Electricity Production,Renovable,3824.1722,GWh,12,2019
Colombia,2019-12-01,Net Electricity Production,No Renovable,883.2156,GWh,12,2019
Colombia,2019-12-01,Net Electricity Production,No Renovable,216.756,GWh,12,2019
Colombia,2019-12-01,Net Electricity Production,No Renovable,1269.332,GWh,12,2019
Colombia,2019-12-01,Net Electricity Production,Renovable,127.1489,GWh,12,2019
Colombia,2019-12-01,Net Electricity Production,No Renovable,0.0,GWh,12,2019
Colombia,2019-12-01,Net Electricity Production,Renovable,0.0,GWh,12,2019
Colombia,2019-12-01,Net Electricity Production,Renovable,12.0707,GWh,12,2019
Colombia,2019-12-01,Net Electricity Production,Renovable,0.0,GWh,12,2019
Colombia,2019-12-01,Net Electricity Production,Renovable,4.587,GWh,12,2019
Colombia,2019-11-01,Net Electricity Production,No Renovable,0.0,GWh,11,2019
Colombia,2019-11-01,Net Electricity Production,Renovable,4326.4463,GWh,11,2019
Colombia,2019-11-01,Net Electricity Production,No Renovable,771.845,GWh,11,2019
Colombia,2019-11-01,Net Electricity Production,No Renovable,218.8701,GWh,11,2019
Colombia,2019-11-01,Net Electricity Production,No Renovable,1089.2029,GWh,11,2019
Colombia,2019-11-01,Net Electricity Production,Renovable,127.1442,GWh,11,2019
Colombia,2019-11-01,Net Electricity Production,No Renovable,0.0,GWh,11,2019
Colombia,2019-11-01,Net Electricity Production,Renovable,0.0,GWh,11,2019
Colombia,2019-11-01,Net Electricity Production,Renovable,13.1792,GWh,11,2019
Colombia,2019-11-01,Net Electricity Production,Renovable,0.0,GWh,11,2019
Colombia,2019-11-01,Net Electricity Production,Renovable,3.3739,GWh,11,2019
Colombia,2019-10-01,Net Electricity Production,No Renovable,0.0,GWh,10,2019
Colombia,2019-10-01,Net Electricity Production,Renovable,4343.7145,GWh,10,2019
Colombia,2019-10-01,Net Electricity Production,No Renovable,794.0171,GWh,10,2019
Colombia,2019-10-01,Net Electricity Production,No Renovable,226.2013,GWh,10,2019
Colombia,2019-10-01,Net Electricity Production,No Renovable,1195.5371,GWh,10,2019
Colombia,2019-10-01,Net Electricity Production,Renovable,127.1521,GWh,10,2019
Colombia,2019-10-01,Net Electricity Production,No Renovable,0.0,GWh,10,2019
Colombia,2019-10-01,Net Electricity Production,Renovable,0.0,GWh,10,2019
Colombia,2019-10-01,Net Electricity Production,Renovable,12.2493,GWh,10,2019
Colombia,2019-10-01,Net Electricity Production,Renovable,0.0,GWh,10,2019
Colombia,2019-10-01,Net Electricity Production,Renovable,2.2724,GWh,10,2019
Colombia,2019-09-01,Net Electricity Production,No Renovable,0.0,GWh,9,2019
Colombia,2019-09-01,Net Electricity Production,Renovable,4487.7466,GWh,9,2019
Colombia,2019-09-01,Net Electricity Production,No Renovable,661.9628,GWh,9,2019
Colombia,2019-09-01,Net Electricity Production,No Renovable,218.6959,GWh,9,2019
Colombia,2019-09-01,Net Electricity Production,No Renovable,1079.8313,GWh,9,2019
Colombia,2019-09-01,Net Electricity Production,Renovable,127.1505,GWh,9,2019
Colombia,2019-09-01,Net Electricity Production,No Renovable,0.0,GWh,9,2019
Colombia,2019-09-01,Net Electricity Production,Renovable,0.0,GWh,9,2019
Colombia,2019-09-01,Net Electricity Production,Renovable,12.4992,GWh,9,2019
Colombia,2019-09-01,Net Electricity Production,Renovable,0.0,GWh,9,2019
Colombia,2019-09-01,Net Electricity Production,Renovable,2.4165,GWh,9,2019
Colombia,2019-08-01,Net Electricity Production,No Renovable,0.0,GWh,8,2019
Colombia,2019-08-01,Net Electricity Production,Renovable,4993.6641,GWh,8,2019
Colombia,2019-08-01,Net Electricity Production,No Renovable,370.5685,GWh,8,2019
Colombia,2019-08-01,Net Electricity Production,No Renovable,220.9033,GWh,8,2019
Colombia,2019-08-01,Net Electricity Production,No Renovable,1056.4142,GWh,8,2019
Colombia,2019-08-01,Net Electricity Production,Renovable,127.1511,GWh,8,2019
Colombia,2019-08-01,Net Electricity Production,No Renovable,0.0,GWh,8,2019
Colombia,2019-08-01,Net Electricity Production,Renovable,0.0,GWh,8,2019
Colombia,2019-08-01,Net Electricity Production,Renovable,13.1855,GWh,8,2019
Colombia,2019-08-01,Net Electricity Production,Renovable,0.0,GWh,8,2019
Colombia,2019-08-01,Net Electricity Production,Renovable,3.786,GWh,8,2019
Colombia,2019-07-01,Net Electricity Production,No Renovable,0.0,GWh,7,2019
Colombia,2019-07-01,Net Electricity Production,Renovable,5101.3135,GWh,7,2019
Colombia,2019-07-01,Net Electricity Production,No Renovable,319.5691,GWh,7,2019
Colombia,2019-07-01,Net Electricity Production,No Renovable,218.7735,GWh,7,2019
Colombia,2019-07-01,Net Electricity Production,No Renovable,936.1748,GWh,7,2019
Colombia,2019-07-01,Net Electricity Production,Renovable,127.1514,GWh,7,2019
Colombia,2019-07-01,Net Electricity Production,No Renovable,0.0,GWh,7,2019
Colombia,2019-07-01,Net Electricity Production,Renovable,0.0,GWh,7,2019
Colombia,2019-07-01,Net Electricity Production,Renovable,12.702,GWh,7,2019
Colombia,2019-07-01,Net Electricity Production,Renovable,0.0,GWh,7,2019
Colombia,2019-07-01,Net Electricity Production,Renovable,6.3567,GWh,7,2019
Colombia,2019-06-01,Net Electricity Production,No Renovable,0.0,GWh,6,2019
Colombia,2019-06-01,Net Electricity Production,Renovable,4901.9759,GWh,6,2019
Colombia,2019-06-01,Net Electricity Production,No Renovable,278.2656,GWh,6,2019
Colombia,2019-06-01,Net Electricity Production,No Renovable,219.1904,GWh,6,2019
Colombia,2019-06-01,Net Electricity Production,No Renovable,913.9646,GWh,6,2019
Colombia,2019-06-01,Net Electricity Production,Renovable,127.1482,GWh,6,2019
Colombia,2019-06-01,Net Electricity Production,No Renovable,0.0,GWh,6,2019
Colombia,2019-06-01,Net Electricity Production,Renovable,0.0,GWh,6,2019
Colombia,2019-06-01,Net Electricity Production,Renovable,11.9723,GWh,6,2019
Colombia,2019-06-01,Net Electricity Production,Renovable,0.0,GWh,6,2019
Colombia,2019-06-01,Net Electricity Production,Renovable,6.4304,GWh,6,2019
Colombia,2019-05-01,Net Electricity Production,No Renovable,0.0,GWh,5,2019
Colombia,2019-05-01,Net Electricity Production,Renovable,4810.2852,GWh,5,2019
Colombia,2019-05-01,Net Electricity Production,No Renovable,543.8488,GWh,5,2019
Colombia,2019-05-01,Net Electricity Production,No Renovable,225.3881,GWh,5,2019
Colombia,2019-05-01,Net Electricity Production,No Renovable,921.0738,GWh,5,2019
Colombia,2019-05-01,Net Electricity Production,Renovable,127.1417,GWh,5,2019
Colombia,2019-05-01,Net Electricity Production,No Renovable,0.0,GWh,5,2019
Colombia,2019-05-01,Net Electricity Production,Renovable,0.0,GWh,5,2019
Colombia,2019-05-01,Net Electricity Production,Renovable,10.4222,GWh,5,2019
Colombia,2019-05-01,Net Electricity Production,Renovable,0.0,GWh,5,2019
Colombia,2019-05-01,Net Electricity Production,Renovable,6.1812,GWh,5,2019
Colombia,2019-04-01,Net Electricity Production,No Renovable,0.0,GWh,4,2019
Colombia,2019-04-01,Net Electricity Production,Renovable,4478.6759,GWh,4,2019
Colombia,2019-04-01,Net Electricity Production,No Renovable,540.4525,GWh,4,2019
Colombia,2019-04-01,Net Electricity Production,No Renovable,216.9355,GWh,4,2019
Colombia,2019-04-01,Net Electricity Production,No Renovable,993.9176,GWh,4,2019
Colombia,2019-04-01,Net Electricity Production,Renovable,127.146,GWh,4,2019
Colombia,2019-04-01,Net Electricity Production,No Renovable,0.0,GWh,4,2019
Colombia,2019-04-01,Net Electricity Production,Renovable,0.0,GWh,4,2019
Colombia,2019-04-01,Net Electricity Production,Renovable,12.6934,GWh,4,2019
Colombia,2019-04-01,Net Electricity Production,Renovable,0.0,GWh,4,2019
Colombia,2019-04-01,Net Electricity Production,Renovable,6.8334,GWh,4,2019
Colombia,2019-03-01,Net Electricity Production,No Renovable,0.0,GWh,3,2019
Colombia,2019-03-01,Net Electricity Production,Renovable,4172.0932,GWh,3,2019
Colombia,2019-03-01,Net Electricity Production,No Renovable,889.6555,GWh,3,2019
Colombia,2019-03-01,Net Electricity Production,No Renovable,219.2259,GWh,3,2019
Colombia,2019-03-01,Net Electricity Production,No Renovable,1070.5251,GWh,3,2019
Colombia,2019-03-01,Net Electricity Production,Renovable,127.1503,GWh,3,2019
Colombia,2019-03-01,Net Electricity Production,No Renovable,0.0,GWh,3,2019
Colombia,2019-03-01,Net Electricity Production,Renovable,0.0,GWh,3,2019
Colombia,2019-03-01,Net Electricity Production,Renovable,11.9851,GWh,3,2019
Colombia,2019-03-01,Net Electricity Production,Renovable,0.0,GWh,3,2019
Colombia,2019-03-01,Net Electricity Production,Renovable,6.3316,GWh,3,2019
Colombia,2019-02-01,Net Electricity Production,No Renovable,0.0,GWh,2,2019
Colombia,2019-02-01,Net Electricity Production,Renovable,3617.0881,GWh,2,2019
Colombia,2019-02-01,Net Electricity Production,No Renovable,877.8895,GWh,2,2019
Colombia,2019-02-01,Net Electricity Production,No Renovable,226.3562,GWh,2,2019
Colombia,2019-02-01,Net Electricity Production,No Renovable,1149.1323,GWh,2,2019
Colombia,2019-02-01,Net Electricity Production,Renovable,127.1495,GWh,2,2019
Colombia,2019-02-01,Net Electricity Production,No Renovable,0.0,GWh,2,2019
Colombia,2019-02-01,Net Electricity Production,Renovable,0.0,GWh,2,2019
Colombia,2019-02-01,Net Electricity Production,Renovable,6.2293,GWh,2,2019
Colombia,2019-02-01,Net Electricity Production,Renovable,0.0,GWh,2,2019
Colombia,2019-02-01,Net Electricity Production,Renovable,6.693,GWh,2,2019
Colombia,2019-01-01,Net Electricity Production,No Renovable,0.0,GWh,1,2019
Colombia,2019-01-01,Net Electricity Production,Renovable,3920.3703,GWh,1,2019
Colombia,2019-01-01,Net Electricity Production,No Renovable,1003.1772,GWh,1,2019
Colombia,2019-01-01,Net Electricity Production,No Renovable,221.2405,GWh,1,2019
Colombia,2019-01-01,Net Electricity Production,No Renovable,1122.3242,GWh,1,2019
Colombia,2019-01-01,Net Electricity Production,Renovable,127.1524,GWh,1,2019
Colombia,2019-01-01,Net Electricity Production,No Renovable,0.0,GWh,1,2019
Colombia,2019-01-01,Net Electricity Production,Renovable,0.0,GWh,1,2019
Colombia,2019-01-01,Net Electricity Production,Renovable,4.1238,GWh,1,2019
Colombia,2019-01-01,Net Electricity Production,Renovable,0.0,GWh,1,2019
Colombia,2019-01-01,Net Electricity Production,Renovable,6.3637,GWh,1,2019
Colombia,2018-12-01,Net Electricity Production,No Renovable,0.0,GWh,12,2018
Colombia,2018-12-01,Net Electricity Production,Renovable,4622.7516,GWh,12,2018
Colombia,2018-12-01,Net Electricity Production,No Renovable,673.8675,GWh,12,2018
Colombia,2018-12-01,Net Electricity Production,No Renovable,184.8871,GWh,12,2018
Colombia,2018-12-01,Net Electricity Production,No Renovable,931.1191,GWh,12,2018
Colombia,2018-12-01,Net Electricity Production,Renovable,118.3338,GWh,12,2018
Colombia,2018-12-01,Net Electricity Production,No Renovable,0.0,GWh,12,2018
Colombia,2018-12-01,Net Electricity Production,Renovable,0.0,GWh,12,2018
Colombia,2018-12-01,Net Electricity Production,Renovable,4.4779,GWh,12,2018
Colombia,2018-12-01,Net Electricity Production,Renovable,0.0,GWh,12,2018
Colombia,2018-12-01,Net Electricity Production,Renovable,5.6549,GWh,12,2018
Colombia,2018-11-01,Net Electricity Production,No Renovable,0.0,GWh,11,2018
Colombia,2018-11-01,Net Electricity Production,Renovable,5171.7903,GWh,11,2018
Colombia,2018-11-01,Net Electricity Production,No Renovable,196.0508,GWh,11,2018
Colombia,2018-11-01,Net Electricity Production,No Renovable,196.6513,GWh,11,2018
Colombia,2018-11-01,Net Electricity Production,No Renovable,932.7501,GWh,11,2018
Colombia,2018-11-01,Net Electricity Production,Renovable,118.2031,GWh,11,2018
Colombia,2018-11-01,Net Electricity Production,No Renovable,0.0,GWh,11,2018
Colombia,2018-11-01,Net Electricity Production,Renovable,0.0,GWh,11,2018
Colombia,2018-11-01,Net Electricity Production,Renovable,0.7277,GWh,11,2018
Colombia,2018-11-01,Net Electricity Production,Renovable,0.0,GWh,11,2018
Colombia,2018-11-01,Net Electricity Production,Renovable,3.6409,GWh,11,2018
Colombia,2018-10-01,Net Electricity Production,No Renovable,0.0,GWh,10,2018
Colombia,2018-10-01,Net Electricity Production,Renovable,5131.3907,GWh,10,2018
Colombia,2018-10-01,Net Electricity Production,No Renovable,320.7612,GWh,10,2018
Colombia,2018-10-01,Net Electricity Production,No Renovable,189.2651,GWh,10,2018
Colombia,2018-10-01,Net Electricity Production,No Renovable,947.8799,GWh,10,2018
Colombia,2018-10-01,Net Electricity Production,Renovable,118.3166,GWh,10,2018
Colombia,2018-10-01,Net Electricity Production,No Renovable,0.0,GWh,10,2018
Colombia,2018-10-01,Net Electricity Production,Renovable,0.0,GWh,10,2018
Colombia,2018-10-01,Net Electricity Production,Renovable,0.8364,GWh,10,2018
Colombia,2018-10-01,Net Electricity Production,Renovable,0.0,GWh,10,2018
Colombia,2018-10-01,Net Electricity Production,Renovable,1.8497,GWh,10,2018
Colombia,2018-09-01,Net Electricity Production,No Renovable,0.0,GWh,9,2018
Colombia,2018-09-01,Net Electricity Production,Renovable,4936.7191,GWh,9,2018
Colombia,2018-09-01,Net Electricity Production,No Renovable,318.4431,GWh,9,2018
Colombia,2018-09-01,Net Electricity Production,No Renovable,189.3065,GWh,9,2018
Colombia,2018-09-01,Net Electricity Production,No Renovable,961.8642,GWh,9,2018
Colombia,2018-09-01,Net Electricity Production,Renovable,118.2917,GWh,9,2018
Colombia,2018-09-01,Net Electricity Production,No Renovable,0.0,GWh,9,2018
Colombia,2018-09-01,Net Electricity Production,Renovable,0.0,GWh,9,2018
Colombia,2018-09-01,Net Electricity Production,Renovable,0.5289,GWh,9,2018
Colombia,2018-09-01,Net Electricity Production,Renovable,0.0,GWh,9,2018
Colombia,2018-09-01,Net Electricity Production,Renovable,3.6692,GWh,9,2018
Colombia,2018-08-01,Net Electricity Production,No Renovable,0.0,GWh,8,2018
Colombia,2018-08-01,Net Electricity Production,Renovable,5189.1451,GWh,8,2018
Colombia,2018-08-01,Net Electricity Production,No Renovable,249.4757,GWh,8,2018
Colombia,2018-08-01,Net Electricity Production,No Renovable,198.9387,GWh,8,2018
Colombia,2018-08-01,Net Electricity Production,No Renovable,969.7874,GWh,8,2018
Colombia,2018-08-01,Net Electricity Production,Renovable,118.3197,GWh,8,2018
Colombia,2018-08-01,Net Electricity Production,No Renovable,0.0,GWh,8,2018
Colombia,2018-08-01,Net Electricity Production,Renovable,0.0,GWh,8,2018
Colombia,2018-08-01,Net Electricity Production,Renovable,0.6171,GWh,8,2018
Colombia,2018-08-01,Net Electricity Production,Renovable,0.0,GWh,8,2018
Colombia,2018-08-01,Net Electricity Production,Renovable,5.59,GWh,8,2018
Colombia,2018-07-01,Net Electricity Production,No Renovable,0.0,GWh,7,2018
Colombia,2018-07-01,Net Electricity Production,Renovable,5209.7446,GWh,7,2018
Colombia,2018-07-01,Net Electricity Production,No Renovable,194.6212,GWh,7,2018
Colombia,2018-07-01,Net Electricity Production,No Renovable,188.4891,GWh,7,2018
Colombia,2018-07-01,Net Electricity Production,No Renovable,932.7013,GWh,7,2018
Colombia,2018-07-01,Net Electricity Production,Renovable,118.3184,GWh,7,2018
Colombia,2018-07-01,Net Electricity Production,No Renovable,0.0,GWh,7,2018
Colombia,2018-07-01,Net Electricity Production,Renovable,0.0,GWh,7,2018
Colombia,2018-07-01,Net Electricity Production,Renovable,1.4712,GWh,7,2018
Colombia,2018-07-01,Net Electricity Production,Renovable,0.0,GWh,7,2018
Colombia,2018-07-01,Net Electricity Production,Renovable,5.6915,GWh,7,2018
Colombia,2018-06-01,Net Electricity Production,No Renovable,0.0,GWh,6,2018
Colombia,2018-06-01,Net Electricity Production,Renovable,4963.8795,GWh,6,2018
Colombia,2018-06-01,Net Electricity Production,No Renovable,186.5123,GWh,6,2018
Colombia,2018-06-01,Net Electricity Production,No Renovable,191.9733,GWh,6,2018
Colombia,2018-06-01,Net Electricity Production,No Renovable,955.9654,GWh,6,2018
Colombia,2018-06-01,Net Electricity Production,Renovable,118.2554,GWh,6,2018
Colombia,2018-06-01,Net Electricity Production,No Renovable,0.0,GWh,6,2018
Colombia,2018-06-01,Net Electricity Production,Renovable,0.0,GWh,6,2018
Colombia,2018-06-01,Net Electricity Production,Renovable,1.7057,GWh,6,2018
Colombia,2018-06-01,Net Electricity Production,Renovable,0.0,GWh,6,2018
Colombia,2018-06-01,Net Electricity Production,Renovable,3.7201,GWh,6,2018
Colombia,2018-05-01,Net Electricity Production,No Renovable,0.0,GWh,5,2018
Colombia,2018-05-01,Net Electricity Production,Renovable,5046.0738,GWh,5,2018
Colombia,2018-05-01,Net Electricity Production,No Renovable,272.0187,GWh,5,2018
Colombia,2018-05-01,Net Electricity Production,No Renovable,191.7609,GWh,5,2018
Colombia,2018-05-01,Net Electricity Production,No Renovable,917.266,GWh,5,2018
Colombia,2018-05-01,Net Electricity Production,Renovable,118.1555,GWh,5,2018
Colombia,2018-05-01,Net Electricity Production,No Renovable,0.0,GWh,5,2018
Colombia,2018-05-01,Net Electricity Production,Renovable,0.0,GWh,5,2018
Colombia,2018-05-01,Net Electricity Production,Renovable,1.7668,GWh,5,2018
Colombia,2018-05-01,Net Electricity Production,Renovable,0.0,GWh,5,2018
Colombia,2018-05-01,Net Electricity Production,Renovable,2.8794,GWh,5,2018
Colombia,2018-04-01,Net Electricity Production,No Renovable,0.0,GWh,4,2018
Colombia,2018-04-01,Net Electricity Production,Renovable,4905.4692,GWh,4,2018
Colombia,2018-04-01,Net Electricity Production,No Renovable,248.1967,GWh,4,2018
Colombia,2018-04-01,Net Electricity Production,No Renovable,189.6139,GWh,4,2018
Colombia,2018-04-01,Net Electricity Production,No Renovable,874.3413,GWh,4,2018
Colombia,2018-04-01,Net Electricity Production,Renovable,118.2572,GWh,4,2018
Colombia,2018-04-01,Net Electricity Production,No Renovable,0.0,GWh,4,2018
Colombia,2018-04-01,Net Electricity Production,Renovable,0.0,GWh,4,2018
Colombia,2018-04-01,Net Electricity Production,Renovable,1.8253,GWh,4,2018
Colombia,2018-04-01,Net Electricity Production,Renovable,0.0,GWh,4,2018
Colombia,2018-04-01,Net Electricity Production,Renovable,2.7123,GWh,4,2018
Colombia,2018-03-01,Net Electricity Production,No Renovable,0.0,GWh,3,2018
Colombia,2018-03-01,Net Electricity Production,Renovable,4482.1312,GWh,3,2018
Colombia,2018-03-01,Net Electricity Production,No Renovable,669.3172,GWh,3,2018
Colombia,2018-03-01,Net Electricity Production,No Renovable,176.3492,GWh,3,2018
Colombia,2018-03-01,Net Electricity Production,No Renovable,1011.8556,GWh,3,2018
Colombia,2018-03-01,Net Electricity Production,Renovable,118.2969,GWh,3,2018
Colombia,2018-03-01,Net Electricity Production,No Renovable,0.0,GWh,3,2018
Colombia,2018-03-01,Net Electricity Production,Renovable,0.0,GWh,3,2018
Colombia,2018-03-01,Net Electricity Production,Renovable,2.2511,GWh,3,2018
Colombia,2018-03-01,Net Electricity Production,Renovable,0.0,GWh,3,2018
Colombia,2018-03-01,Net Electricity Production,Renovable,3.046,GWh,3,2018
Colombia,2018-02-01,Net Electricity Production,No Renovable,0.0,GWh,2,2018
Colombia,2018-02-01,Net Electricity Production,Renovable,3891.0167,GWh,2,2018
Colombia,2018-02-01,Net Electricity Production,No Renovable,595.3445,GWh,2,2018
Colombia,2018-02-01,Net Electricity Production,No Renovable,202.0002,GWh,2,2018
Colombia,2018-02-01,Net Electricity Production,No Renovable,1062.2366,GWh,2,2018
Colombia,2018-02-01,Net Electricity Production,Renovable,118.2877,GWh,2,2018
Colombia,2018-02-01,Net Electricity Production,No Renovable,0.0,GWh,2,2018
Colombia,2018-02-01,Net Electricity Production,Renovable,0.0,GWh,2,2018
Colombia,2018-02-01,Net Electricity Production,Renovable,2.0409,GWh,2,2018
Colombia,2018-02-01,Net Electricity Production,Renovable,0.0,GWh,2,2018
Colombia,2018-02-01,Net Electricity Production,Renovable,2.3321,GWh,2,2018
Colombia,2018-01-01,Net Electricity Production,No Renovable,0.0,GWh,1,2018
Colombia,2018-01-01,Net Electricity Production,Renovable,4638.02,GWh,1,2018
Colombia,2018-01-01,Net Electricity Production,No Renovable,500.4205,GWh,1,2018
Colombia,2018-01-01,Net Electricity Production,No Renovable,179.751,GWh,1,2018
Colombia,2018-01-01,Net Electricity Production,No Renovable,816.2448,GWh,1,2018
Colombia,2018-01-01,Net Electricity Production,Renovable,118.2794,GWh,1,2018
Colombia,2018-01-01,Net Electricity Production,No Renovable,0.0,GWh,1,2018
Colombia,2018-01-01,Net Electricity Production,Renovable,0.0,GWh,1,2018
Colombia,2018-01-01,Net Electricity Production,Renovable,2.141,GWh,1,2018
Colombia,2018-01-01,Net Electricity Production,Renovable,0.0,GWh,1,2018
Colombia,2018-01-01,Net Electricity Production,Renovable,1.4998,GWh,1,2018
Colombia,2017-12-01,Net Electricity Production,Renovable,5061.7784,GWh,12,2017
Colombia,2017-12-01,Net Electricity Production,No Renovable,280.0646,GWh,12,2017
Colombia,2017-12-01,Net Electricity Production,No Renovable,177.0303,GWh,12,2017
Colombia,2017-12-01,Net Electricity Production,No Renovable,900.0918,GWh,12,2017
Colombia,2017-12-01,Net Electricity Production,Renovable,115.9531,GWh,12,2017
Colombia,2017-12-01,Net Electricity Production,Renovable,3.2918,GWh,12,2017
Colombia,2017-12-01,Net Electricity Production,Renovable,0.8393,GWh,12,2017
Colombia,2017-11-01,Net Electricity Production,Renovable,4876.7118,GWh,11,2017
Colombia,2017-11-01,Net Electricity Production,No Renovable,285.8106,GWh,11,2017
Colombia,2017-11-01,Net Electricity Production,No Renovable,182.749,GWh,11,2017
Colombia,2017-11-01,Net Electricity Production,No Renovable,959.7474,GWh,11,2017
Colombia,2017-11-01,Net Electricity Production,Renovable,115.8664,GWh,11,2017
Colombia,2017-11-01,Net Electricity Production,Renovable,2.9756,GWh,11,2017
Colombia,2017-11-01,Net Electricity Production,Renovable,0.3281,GWh,11,2017
Colombia,2017-10-01,Net Electricity Production,Renovable,4998.7696,GWh,10,2017
Colombia,2017-10-01,Net Electricity Production,No Renovable,386.1465,GWh,10,2017
Colombia,2017-10-01,Net Electricity Production,No Renovable,179.8058,GWh,10,2017
Colombia,2017-10-01,Net Electricity Production,No Renovable,907.624,GWh,10,2017
Colombia,2017-10-01,Net Electricity Production,Renovable,115.9838,GWh,10,2017
Colombia,2017-10-01,Net Electricity Production,Renovable,2.9782,GWh,10,2017
Colombia,2017-10-01,Net Electricity Production,Renovable,0.3213,GWh,10,2017
Colombia,2017-09-01,Net Electricity Production,Renovable,4962.0514,GWh,9,2017
Colombia,2017-09-01,Net Electricity Production,No Renovable,369.5543,GWh,9,2017
Colombia,2017-09-01,Net Electricity Production,No Renovable,179.3308,GWh,9,2017
Colombia,2017-09-01,Net Electricity Production,No Renovable,846.6574,GWh,9,2017
Colombia,2017-09-01,Net Electricity Production,Renovable,115.9676,GWh,9,2017
Colombia,2017-09-01,Net Electricity Production,Renovable,3.4292,GWh,9,2017
Colombia,2017-09-01,Net Electricity Production,Renovable,0.1344,GWh,9,2017
Colombia,2017-08-01,Net Electricity Production,Renovable,5255.9233,GWh,8,2017
Colombia,2017-08-01,Net Electricity Production,No Renovable,220.4568,GWh,8,2017
Colombia,2017-08-01,Net Electricity Production,No Renovable,180.4642,GWh,8,2017
Colombia,2017-08-01,Net Electricity Production,No Renovable,865.876,GWh,8,2017
Colombia,2017-08-01,Net Electricity Production,Renovable,115.996,GWh,8,2017
Colombia,2017-08-01,Net Electricity Production,Renovable,1.2882,GWh,8,2017
Colombia,2017-08-01,Net Electricity Production,Renovable,0.0779,GWh,8,2017
Colombia,2017-07-01,Net Electricity Production,Renovable,5276.5423,GWh,7,2017
Colombia,2017-07-01,Net Electricity Production,No Renovable,112.4265,GWh,7,2017
Colombia,2017-07-01,Net Electricity Production,No Renovable,176.1411,GWh,7,2017
Colombia,2017-07-01,Net Electricity Production,No Renovable,852.9876,GWh,7,2017
Colombia,2017-07-01,Net Electricity Production,Renovable,115.9641,GWh,7,2017
Colombia,2017-07-01,Net Electricity Production,Renovable,0.0,GWh,7,2017
Colombia,2017-06-01,Net Electricity Production,Renovable,5099.3265,GWh,6,2017
Colombia,2017-06-01,Net Electricity Production,No Renovable,118.1592,GWh,6,2017
Colombia,2017-06-01,Net Electricity Production,No Renovable,177.6774,GWh,6,2017
Colombia,2017-06-01,Net Electricity Production,No Renovable,864.9634,GWh,6,2017
Colombia,2017-06-01,Net Electricity Production,Renovable,115.8407,GWh,6,2017
Colombia,2017-06-01,Net Electricity Production,Renovable,0.0,GWh,6,2017
Colombia,2017-06-01,Net Electricity Production,Renovable,0.2123,GWh,6,2017
Colombia,2017-05-01,Net Electricity Production,Renovable,5251.3326,GWh,5,2017
Colombia,2017-05-01,Net Electricity Production,No Renovable,155.525,GWh,5,2017
Colombia,2017-05-01,Net Electricity Production,No Renovable,182.4147,GWh,5,2017
Colombia,2017-05-01,Net Electricity Production,No Renovable,862.9608,GWh,5,2017
Colombia,2017-05-01,Net Electricity Production,Renovable,115.7244,GWh,5,2017
Colombia,2017-05-01,Net Electricity Production,Renovable,0.0,GWh,5,2017
Colombia,2017-05-01,Net Electricity Production,Renovable,0.6446,GWh,5,2017
Colombia,2017-04-01,Net Electricity Production,Renovable,4885.889,GWh,4,2017
Colombia,2017-04-01,Net Electricity Production,No Renovable,179.2532,GWh,4,2017
Colombia,2017-04-01,Net Electricity Production,No Renovable,175.6954,GWh,4,2017
Colombia,2017-04-01,Net Electricity Production,No Renovable,917.2406,GWh,4,2017
Colombia,2017-04-01,Net Electricity Production,Renovable,115.9096,GWh,4,2017
Colombia,2017-04-01,Net Electricity Production,Renovable,0.0,GWh,4,2017
Colombia,2017-04-01,Net Electricity Production,Renovable,0.4342,GWh,4,2017
Colombia,2017-03-01,Net Electricity Production,Renovable,4769.7494,GWh,3,2017
Colombia,2017-03-01,Net Electricity Production,No Renovable,342.8831,GWh,3,2017
Colombia,2017-03-01,Net Electricity Production,No Renovable,187.1993,GWh,3,2017
Colombia,2017-03-01,Net Electricity Production,No Renovable,947.31,GWh,3,2017
Colombia,2017-03-01,Net Electricity Production,Renovable,115.9647,GWh,3,2017
Colombia,2017-03-01,Net Electricity Production,Renovable,0.0,GWh,3,2017
Colombia,2017-02-01,Net Electricity Production,Renovable,4375.0167,GWh,2,2017
Colombia,2017-02-01,Net Electricity Production,No Renovable,402.6204,GWh,2,2017
Colombia,2017-02-01,Net Electricity Production,No Renovable,181.5323,GWh,2,2017
Colombia,2017-02-01,Net Electricity Production,No Renovable,940.7197,GWh,2,2017
Colombia,2017-02-01,Net Electricity Production,Renovable,115.9481,GWh,2,2017
Colombia,2017-02-01,Net Electricity Production,Renovable,0.0,GWh,2,2017
Colombia,2017-01-01,Net Electricity Production,Renovable,4891.8052,GWh,1,2017
Colombia,2017-01-01,Net Electricity Production,No Renovable,247.1356,GWh,1,2017
Colombia,2017-01-01,Net Electricity Production,No Renovable,176.6813,GWh,1,2017
Colombia,2017-01-01,Net Electricity Production,No Renovable,854.5393,GWh,1,2017
Colombia,2017-01-01,Net Electricity Production,Renovable,115.9629,GWh,1,2017
Colombia,2017-01-01,Net Electricity Production,Renovable,0.0,GWh,1,2017
Colombia,2016-12-01,Net Electricity Production,Renovable,4798.2378,GWh,12,2016
Colombia,2016-12-01,Net Electricity Production,No Renovable,277.2748,GWh,12,2016
Colombia,2016-12-01,Net Electricity Production,No Renovable,167.9277,GWh,12,2016
Colombia,2016-12-01,Net Electricity Production,No Renovable,951.9941,GWh,12,2016
Colombia,2016-12-01,Net Electricity Production,Renovable,118.5956,GWh,12,2016
Colombia,2016-12-01,Net Electricity Production,Renovable,0.7107,GWh,12,2016
Colombia,2016-12-01,Net Electricity Production,Renovable,1.529,GWh,12,2016
Colombia,2016-11-01,Net Electricity Production,Renovable,4519.1294,GWh,11,2016
Colombia,2016-11-01,Net Electricity Production,No Renovable,356.0975,GWh,11,2016
Colombia,2016-11-01,Net Electricity Production,No Renovable,196.8128,GWh,11,2016
Colombia,2016-11-01,Net Electricity Production,No Renovable,993.2802,GWh,11,2016
Colombia,2016-11-01,Net Electricity Production,Renovable,118.5946,GWh,11,2016
Colombia,2016-11-01,Net Electricity Production,Renovable,0.6971,GWh,11,2016
Colombia,2016-11-01,Net Electricity Production,Renovable,1.0548,GWh,11,2016
Colombia,2016-10-01,Net Electricity Production,Renovable,4385.7892,GWh,10,2016
Colombia,2016-10-01,Net Electricity Production,No Renovable,527.6037,GWh,10,2016
Colombia,2016-10-01,Net Electricity Production,No Renovable,184.6942,GWh,10,2016
Colombia,2016-10-01,Net Electricity Production,No Renovable,1100.2624,GWh,10,2016
Colombia,2016-10-01,Net Electricity Production,Renovable,118.6406,GWh,10,2016
Colombia,2016-10-01,Net Electricity Production,Renovable,0.7538,GWh,10,2016
Colombia,2016-10-01,Net Electricity Production,Renovable,1.4158,GWh,10,2016
Colombia,2016-09-01,Net Electricity Production,Renovable,4579.3604,GWh,9,2016
Colombia,2016-09-01,Net Electricity Production,No Renovable,298.2819,GWh,9,2016
Colombia,2016-09-01,Net Electricity Production,No Renovable,174.6026,GWh,9,2016
Colombia,2016-09-01,Net Electricity Production,No Renovable,1113.6119,GWh,9,2016
Colombia,2016-09-01,Net Electricity Production,Renovable,118.6288,GWh,9,2016
Colombia,2016-09-01,Net Electricity Production,Renovable,0.7616,GWh,9,2016
Colombia,2016-09-01,Net Electricity Production,Renovable,3.2688,GWh,9,2016
Colombia,2016-08-01,Net Electricity Production,Renovable,4632.2164,GWh,8,2016
Colombia,2016-08-01,Net Electricity Production,No Renovable,480.872,GWh,8,2016
Colombia,2016-08-01,Net Electricity Production,No Renovable,178.4368,GWh,8,2016
Colombia,2016-08-01,Net Electricity Production,No Renovable,1063.7763,GWh,8,2016
Colombia,2016-08-01,Net Electricity Production,Renovable,118.6397,GWh,8,2016
Colombia,2016-08-01,Net Electricity Production,Renovable,0.7804,GWh,8,2016
Colombia,2016-08-01,Net Electricity Production,Renovable,5.5746,GWh,8,2016
Colombia,2016-07-01,Net Electricity Production,Renovable,4505.5114,GWh,7,2016
Colombia,2016-07-01,Net Electricity Production,No Renovable,435.097,GWh,7,2016
Colombia,2016-07-01,Net Electricity Production,No Renovable,176.8234,GWh,7,2016
Colombia,2016-07-01,Net Electricity Production,No Renovable,985.0958,GWh,7,2016
Colombia,2016-07-01,Net Electricity Production,Renovable,118.5975,GWh,7,2016
Colombia,2016-07-01,Net Electricity Production,Renovable,0.6582,GWh,7,2016
Colombia,2016-07-01,Net Electricity Production,Renovable,6.888,GWh,7,2016
Colombia,2016-06-01,Net Electricity Production,Renovable,4186.5048,GWh,6,2016
Colombia,2016-06-01,Net Electricity Production,No Renovable,428.8461,GWh,6,2016
Colombia,2016-06-01,Net Electricity Production,No Renovable,181.4991,GWh,6,2016
Colombia,2016-06-01,Net Electricity Production,No Renovable,1190.5107,GWh,6,2016
Colombia,2016-06-01,Net Electricity Production,Renovable,118.5756,GWh,6,2016
Colombia,2016-06-01,Net Electricity Production,Renovable,0.6313,GWh,6,2016
Colombia,2016-06-01,Net Electricity Production,Renovable,5.8019,GWh,6,2016
Colombia,2016-05-01,Net Electricity Production,Renovable,4384.0865,GWh,5,2016
Colombia,2016-05-01,Net Electricity Production,No Renovable,384.7572,GWh,5,2016
Colombia,2016-05-01,Net Electricity Production,No Renovable,177.7137,GWh,5,2016
Colombia,2016-05-01,Net Electricity Production,No Renovable,1175.7874,GWh,5,2016
Colombia,2016-05-01,Net Electricity Production,Renovable,118.5666,GWh,5,2016
Colombia,2016-05-01,Net Electricity Production,Renovable,0.6468,GWh,5,2016
Colombia,2016-05-01,Net Electricity Production,Renovable,3.9548,GWh,5,2016
Colombia,2016-04-01,Net Electricity Production,Renovable,3375.3304,GWh,4,2016
Colombia,2016-04-01,Net Electricity Production,No Renovable,628.6885,GWh,4,2016
Colombia,2016-04-01,Net Electricity Production,No Renovable,444.9965,GWh,4,2016
Colombia,2016-04-01,Net Electricity Production,No Renovable,1443.073,GWh,4,2016
Colombia,2016-04-01,Net Electricity Production,Renovable,118.6527,GWh,4,2016
Colombia,2016-04-01,Net Electricity Production,Renovable,0.6877,GWh,4,2016
Colombia,2016-04-01,Net Electricity Production,Renovable,4.0251,GWh,4,2016
Colombia,2016-03-01,Net Electricity Production,Renovable,2550.8264,GWh,3,2016
Colombia,2016-03-01,Net Electricity Production,No Renovable,783.9864,GWh,3,2016
Colombia,2016-03-01,Net Electricity Production,No Renovable,820.929,GWh,3,2016
Colombia,2016-03-01,Net Electricity Production,No Renovable,1782.2869,GWh,3,2016
Colombia,2016-03-01,Net Electricity Production,Renovable,118.6584,GWh,3,2016
Colombia,2016-03-01,Net Electricity Production,Renovable,0.8173,GWh,3,2016
Colombia,2016-03-01,Net Electricity Production,Renovable,5.4721,GWh,3,2016
Colombia,2016-02-01,Net Electricity Production,Renovable,2889.909,GWh,2,2016
Colombia,2016-02-01,Net Electricity Production,No Renovable,685.0588,GWh,2,2016
Colombia,2016-02-01,Net Electricity Production,No Renovable,728.2215,GWh,2,2016
Colombia,2016-02-01,Net Electricity Production,No Renovable,1701.5403,GWh,2,2016
Colombia,2016-02-01,Net Electricity Production,Renovable,118.6402,GWh,2,2016
Colombia,2016-02-01,Net Electricity Production,Renovable,0.7406,GWh,2,2016
Colombia,2016-02-01,Net Electricity Production,Renovable,5.8644,GWh,2,2016
Colombia,2016-01-01,Net Electricity Production,Renovable,2866.7274,GWh,1,2016
Colombia,2016-01-01,Net Electricity Production,No Renovable,759.5342,GWh,1,2016
Colombia,2016-01-01,Net Electricity Production,No Renovable,535.764,GWh,1,2016
Colombia,2016-01-01,Net Electricity Production,No Renovable,1975.2344,GWh,1,2016
Colombia,2016-01-01,Net Electricity Production,Renovable,118.6229,GWh,1,2016
Colombia,2016-01-01,Net Electricity Production,Renovable,0.8766,GWh,1,2016
Colombia,2016-01-01,Net Electricity Production,Renovable,4.8047,GWh,1,2016
Colombia,2015-12-01,Net Electricity Production,Renovable,3279.061,GWh,12,2015
Colombia,2015-12-01,Net Electricity Production,No Renovable,757.253,GWh,12,2015
Colombia,2015-12-01,Net Electricity Production,No Renovable,524.377,GWh,12,2015
Colombia,2015-12-01,Net Electricity Production,No Renovable,1723.593,GWh,12,2015
Colombia,2015-12-01,Net Electricity Production,Renovable,114.069,GWh,12,2015
Colombia,2015-12-01,Net Electricity Production,Renovable,0.878,GWh,12,2015
Colombia,2015-12-01,Net Electricity Production,Renovable,6.58,GWh,12,2015
Colombia,2015-11-01,Net Electricity Production,Renovable,3246.676,GWh,11,2015
Colombia,2015-11-01,Net Electricity Production,No Renovable,613.187,GWh,11,2015
Colombia,2015-11-01,Net Electricity Production,No Renovable,621.377,GWh,11,2015
Colombia,2015-11-01,Net Electricity Production,No Renovable,1565.547,GWh,11,2015
Colombia,2015-11-01,Net Electricity Production,Renovable,105.531,GWh,11,2015
Colombia,2015-11-01,Net Electricity Production,Renovable,0.648,GWh,11,2015
Colombia,2015-11-01,Net Electricity Production,Renovable,4.217,GWh,11,2015
Colombia,2015-10-01,Net Electricity Production,Renovable,3383.799,GWh,10,2015
Colombia,2015-10-01,Net Electricity Production,No Renovable,696.799,GWh,10,2015
Colombia,2015-10-01,Net Electricity Production,No Renovable,591.24,GWh,10,2015
Colombia,2015-10-01,Net Electricity Production,No Renovable,1680.035,GWh,10,2015
Colombia,2015-10-01,Net Electricity Production,Renovable,115.856,GWh,10,2015
Colombia,2015-10-01,Net Electricity Production,Renovable,0.688,GWh,10,2015
Colombia,2015-10-01,Net Electricity Production,Renovable,3.605,GWh,10,2015
Colombia,2015-09-01,Net Electricity Production,Renovable,4027.145,GWh,9,2015
Colombia,2015-09-01,Net Electricity Production,No Renovable,566.541,GWh,9,2015
Colombia,2015-09-01,Net Electricity Production,No Renovable,273.822,GWh,9,2015
Colombia,2015-09-01,Net Electricity Production,No Renovable,1536.959,GWh,9,2015
Colombia,2015-09-01,Net Electricity Production,Renovable,106.575,GWh,9,2015
Colombia,2015-09-01,Net Electricity Production,Renovable,0.745,GWh,9,2015
Colombia,2015-09-01,Net Electricity Production,Renovable,3.889,GWh,9,2015
Colombia,2015-08-01,Net Electricity Production,Renovable,4572.769,GWh,8,2015
Colombia,2015-08-01,Net Electricity Production,No Renovable,536.274,GWh,8,2015
Colombia,2015-08-01,Net Electricity Production,No Renovable,155.678,GWh,8,2015
Colombia,2015-08-01,Net Electricity Production,No Renovable,1200.526,GWh,8,2015
Colombia,2015-08-01,Net Electricity Production,Renovable,107.426,GWh,8,2015
Colombia,2015-08-01,Net Electricity Production,Renovable,0.75,GWh,8,2015
Colombia,2015-08-01,Net Electricity Production,Renovable,5.856,GWh,8,2015
Colombia,2015-07-01,Net Electricity Production,Renovable,4401.239,GWh,7,2015
Colombia,2015-07-01,Net Electricity Production,No Renovable,493.686,GWh,7,2015
Colombia,2015-07-01,Net Electricity Production,No Renovable,171.671,GWh,7,2015
Colombia,2015-07-01,Net Electricity Production,No Renovable,1327.603,GWh,7,2015
Colombia,2015-07-01,Net Electricity Production,Renovable,110.106,GWh,7,2015
Colombia,2015-07-01,Net Electricity Production,Renovable,0.75,GWh,7,2015
Colombia,2015-07-01,Net Electricity Production,Renovable,7.075,GWh,7,2015
Colombia,2015-06-01,Net Electricity Production,Renovable,4136.213,GWh,6,2015
Colombia,2015-06-01,Net Electricity Production,No Renovable,493.966,GWh,6,2015
Colombia,2015-06-01,Net Electricity Production,No Renovable,206.062,GWh,6,2015
Colombia,2015-06-01,Net Electricity Production,No Renovable,1283.199,GWh,6,2015
Colombia,2015-06-01,Net Electricity Production,Renovable,108.211,GWh,6,2015
Colombia,2015-06-01,Net Electricity Production,Renovable,0.697,GWh,6,2015
Colombia,2015-06-01,Net Electricity Production,Renovable,7.014,GWh,6,2015
Colombia,2015-05-01,Net Electricity Production,Renovable,4206.67,GWh,5,2015
Colombia,2015-05-01,Net Electricity Production,No Renovable,536.501,GWh,5,2015
Colombia,2015-05-01,Net Electricity Production,No Renovable,165.397,GWh,5,2015
Colombia,2015-05-01,Net Electricity Production,No Renovable,1437.843,GWh,5,2015
Colombia,2015-05-01,Net Electricity Production,Renovable,100.754,GWh,5,2015
Colombia,2015-05-01,Net Electricity Production,Renovable,0.67,GWh,5,2015
Colombia,2015-05-01,Net Electricity Production,Renovable,6.296,GWh,5,2015
Colombia,2015-04-01,Net Electricity Production,Renovable,4352.938,GWh,4,2015
Colombia,2015-04-01,Net Electricity Production,No Renovable,445.587,GWh,4,2015
Colombia,2015-04-01,Net Electricity Production,No Renovable,149.943,GWh,4,2015
Colombia,2015-04-01,Net Electricity Production,No Renovable,1116.761,GWh,4,2015
Colombia,2015-04-01,Net Electricity Production,Renovable,106.82,GWh,4,2015
Colombia,2015-04-01,Net Electricity Production,Renovable,0.56,GWh,4,2015
Colombia,2015-04-01,Net Electricity Production,Renovable,6.174,GWh,4,2015
Colombia,2015-03-01,Net Electricity Production,Renovable,4317.805,GWh,3,2015
Colombia,2015-03-01,Net Electricity Production,No Renovable,577.082,GWh,3,2015
Colombia,2015-03-01,Net Electricity Production,No Renovable,154.803,GWh,3,2015
Colombia,2015-03-01,Net Electricity Production,No Renovable,1324.754,GWh,3,2015
Colombia,2015-03-01,Net Electricity Production,Renovable,105.937,GWh,3,2015
Colombia,2015-03-01,Net Electricity Production,Renovable,0.665,GWh,3,2015
Colombia,2015-03-01,Net Electricity Production,Renovable,6.381,GWh,3,2015
Colombia,2015-02-01,Net Electricity Production,Renovable,4082.267,GWh,2,2015
Colombia,2015-02-01,Net Electricity Production,No Renovable,382.665,GWh,2,2015
Colombia,2015-02-01,Net Electricity Production,No Renovable,152.007,GWh,2,2015
Colombia,2015-02-01,Net Electricity Production,No Renovable,1210.677,GWh,2,2015
Colombia,2015-02-01,Net Electricity Production,Renovable,102.804,GWh,2,2015
Colombia,2015-02-01,Net Electricity Production,Renovable,0.831,GWh,2,2015
Colombia,2015-02-01,Net Electricity Production,Renovable,4.848,GWh,2,2015
Colombia,2015-01-01,Net Electricity Production,Renovable,3931.459,GWh,1,2015
Colombia,2015-01-01,Net Electricity Production,No Renovable,554.069,GWh,1,2015
Colombia,2015-01-01,Net Electricity Production,No Renovable,151.043,GWh,1,2015
Colombia,2015-01-01,Net Electricity Production,No Renovable,1442.368,GWh,1,2015
Colombia,2015-01-01,Net Electricity Production,Renovable,102.525,GWh,1,2015
Colombia,2015-01-01,Net Electricity Production,Renovable,1.065,GWh,1,2015
Colombia,2015-01-01,Net Electricity Production,Renovable,5.562,GWh,1,2015
Colombia,2014-12-01,Net Electricity Production,Renovable,4180.456,GWh,12,2014
Colombia,2014-12-01,Net Electricity Production,No Renovable,399.853,GWh,12,2014
Colombia,2014-12-01,Net Electricity Production,No Renovable,160.654,GWh,12,2014
Colombia,2014-12-01,Net Electricity Production,No Renovable,1088.414,GWh,12,2014
Colombia,2014-12-01,Net Electricity Production,Renovable,112.405,GWh,12,2014
Colombia,2014-12-01,Net Electricity Production,Renovable,0.878,GWh,12,2014
Colombia,2014-12-01,Net Electricity Production,Renovable,5.174,GWh,12,2014
Colombia,2014-11-01,Net Electricity Production,Renovable,4197.121,GWh,11,2014
Colombia,2014-11-01,Net Electricity Production,No Renovable,362.355,GWh,11,2014
Colombia,2014-11-01,Net Electricity Production,No Renovable,169.834,GWh,11,2014
Colombia,2014-11-01,Net Electricity Production,No Renovable,996.312,GWh,11,2014
Colombia,2014-11-01,Net Electricity Production,Renovable,105.396,GWh,11,2014
Colombia,2014-11-01,Net Electricity Production,Renovable,0.648,GWh,11,2014
Colombia,2014-11-01,Net Electricity Production,Renovable,3.711,GWh,11,2014
Colombia,2014-10-01,Net Electricity Production,Renovable,4072.668,GWh,10,2014
Colombia,2014-10-01,Net Electricity Production,No Renovable,405.291,GWh,10,2014
Colombia,2014-10-01,Net Electricity Production,No Renovable,206.83,GWh,10,2014
Colombia,2014-10-01,Net Electricity Production,No Renovable,1116.552,GWh,10,2014
Colombia,2014-10-01,Net Electricity Production,Renovable,110.778,GWh,10,2014
Colombia,2014-10-01,Net Electricity Production,Renovable,0.688,GWh,10,2014
Colombia,2014-10-01,Net Electricity Production,Renovable,3.704,GWh,10,2014
Colombia,2014-09-01,Net Electricity Production,Renovable,4165.149,GWh,9,2014
Colombia,2014-09-01,Net Electricity Production,No Renovable,372.765,GWh,9,2014
Colombia,2014-09-01,Net Electricity Production,No Renovable,166.453,GWh,9,2014
Colombia,2014-09-01,Net Electricity Production,No Renovable,1043.316,GWh,9,2014
Colombia,2014-09-01,Net Electricity Production,Renovable,107.583,GWh,9,2014
Colombia,2014-09-01,Net Electricity Production,Renovable,0.745,GWh,9,2014
Colombia,2014-09-01,Net Electricity Production,Renovable,4.5,GWh,9,2014
Colombia,2014-08-01,Net Electricity Production,Renovable,4058.878,GWh,8,2014
Colombia,2014-08-01,Net Electricity Production,No Renovable,368.25,GWh,8,2014
Colombia,2014-08-01,Net Electricity Production,No Renovable,146.552,GWh,8,2014
Colombia,2014-08-01,Net Electricity Production,No Renovable,1130.38,GWh,8,2014
Colombia,2014-08-01,Net Electricity Production,Renovable,110.397,GWh,8,2014
Colombia,2014-08-01,Net Electricity Production,Renovable,0.75,GWh,8,2014
Colombia,2014-08-01,Net Electricity Production,Renovable,5.438,GWh,8,2014
Colombia,2014-07-01,Net Electricity Production,Renovable,4105.318,GWh,7,2014
Colombia,2014-07-01,Net Electricity Production,No Renovable,393.836,GWh,7,2014
Colombia,2014-07-01,Net Electricity Production,No Renovable,151.163,GWh,7,2014
Colombia,2014-07-01,Net Electricity Production,No Renovable,1146.857,GWh,7,2014
Colombia,2014-07-01,Net Electricity Production,Renovable,110.281,GWh,7,2014
Colombia,2014-07-01,Net Electricity Production,Renovable,0.75,GWh,7,2014
Colombia,2014-07-01,Net Electricity Production,Renovable,8.713,GWh,7,2014
Colombia,2014-06-01,Net Electricity Production,Renovable,3513.389,GWh,6,2014
Colombia,2014-06-01,Net Electricity Production,No Renovable,448.719,GWh,6,2014
Colombia,2014-06-01,Net Electricity Production,No Renovable,152.801,GWh,6,2014
Colombia,2014-06-01,Net Electricity Production,No Renovable,1309.421,GWh,6,2014
Colombia,2014-06-01,Net Electricity Production,Renovable,110.987,GWh,6,2014
Colombia,2014-06-01,Net Electricity Production,Renovable,0.697,GWh,6,2014
Colombia,2014-06-01,Net Electricity Production,Renovable,8.085,GWh,6,2014
Colombia,2014-05-01,Net Electricity Production,Renovable,3632.958,GWh,5,2014
Colombia,2014-05-01,Net Electricity Production,No Renovable,547.723,GWh,5,2014
Colombia,2014-05-01,Net Electricity Production,No Renovable,172.284,GWh,5,2014
Colombia,2014-05-01,Net Electricity Production,No Renovable,1274.632,GWh,5,2014
Colombia,2014-05-01,Net Electricity Production,Renovable,97.937,GWh,5,2014
Colombia,2014-05-01,Net Electricity Production,Renovable,0.67,GWh,5,2014
Colombia,2014-05-01,Net Electricity Production,Renovable,6.211,GWh,5,2014
Colombia,2014-04-01,Net Electricity Production,Renovable,3615.005,GWh,4,2014
Colombia,2014-04-01,Net Electricity Production,No Renovable,515.133,GWh,4,2014
Colombia,2014-04-01,Net Electricity Production,No Renovable,158.736,GWh,4,2014
Colombia,2014-04-01,Net Electricity Production,No Renovable,1157.945,GWh,4,2014
Colombia,2014-04-01,Net Electricity Production,Renovable,98.824,GWh,4,2014
Colombia,2014-04-01,Net Electricity Production,Renovable,0.56,GWh,4,2014
Colombia,2014-04-01,Net Electricity Production,Renovable,6.694,GWh,4,2014
Colombia,2014-03-01,Net Electricity Production,Renovable,4205.913,GWh,3,2014
Colombia,2014-03-01,Net Electricity Production,No Renovable,402.284,GWh,3,2014
Colombia,2014-03-01,Net Electricity Production,No Renovable,141.402,GWh,3,2014
Colombia,2014-03-01,Net Electricity Production,No Renovable,975.374,GWh,3,2014
Colombia,2014-03-01,Net Electricity Production,Renovable,100.687,GWh,3,2014
Colombia,2014-03-01,Net Electricity Production,Renovable,0.665,GWh,3,2014
Colombia,2014-03-01,Net Electricity Production,Renovable,6.189,GWh,3,2014
Colombia,2014-02-01,Net Electricity Production,Renovable,3598.26,GWh,2,2014
Colombia,2014-02-01,Net Electricity Production,No Renovable,413.943,GWh,2,2014
Colombia,2014-02-01,Net Electricity Production,No Renovable,152.263,GWh,2,2014
Colombia,2014-02-01,Net Electricity Production,No Renovable,1095.052,GWh,2,2014
Colombia,2014-02-01,Net Electricity Production,Renovable,99.097,GWh,2,2014
Colombia,2014-02-01,Net Electricity Production,Renovable,0.831,GWh,2,2014
Colombia,2014-02-01,Net Electricity Production,Renovable,5.415,GWh,2,2014
Colombia,2014-01-01,Net Electricity Production,Renovable,3903.977,GWh,1,2014
Colombia,2014-01-01,Net Electricity Production,No Renovable,521.938,GWh,1,2014
Colombia,2014-01-01,Net Electricity Production,No Renovable,139.219,GWh,1,2014
Colombia,2014-01-01,Net Electricity Production,No Renovable,1031.146,GWh,1,2014
Colombia,2014-01-01,Net Electricity Production,Renovable,99.721,GWh,1,2014
Colombia,2014-01-01,Net Electricity Production,Renovable,1.065,GWh,1,2014
Colombia,2014-01-01,Net Electricity Production,Renovable,5.648,GWh,1,2014
